Importer,Year,Value,Ad val. duties,Number of lines,Russian Federation
,(US$),Simple average,MFN duties,Pref. duties,Russian Federation
,MFN,Best,All items,Non ad val.,All items,Non ad val.,Russian Federation
India,"1,822,218",,,,,,,Russian Federation
,2018,,38.17,38.17,103,2,,,Russian Federation
080111 - - Desiccated,,70.00,70.00,1,,,,Russian Federation
080112 - - In the inner shell (endocarp),,70.00,70.00,3,,,,Russian Federation
080119 - - Other,,70.00,70.00,3,,,,Russian Federation
080121 - - In shell,,30.00,30.00,1,,,,Russian Federation
080122 - - Shelled,,30.00,30.00,1,,,,Russian Federation
080131 - - In shell,,30.00,30.00,1,,,,Russian Federation
080132 - - Shelled,,30.00,30.00,3,,,,Russian Federation
080211 - - In shell,,,,1,1,,,Russian Federation
080212 - - Shelled,,,,1,1,,,Russian Federation
080221 - - In shell,,30.00,30.00,1,,,,Russian Federation
080222 - - Shelled,,30.00,30.00,1,,,,Russian Federation
080231 - - In shell,,30.00,30.00,1,,,,Russian Federation
080232 - - Shelled,,30.00,30.00,1,,,,Russian Federation
080241 - - In shell,,30.00,30.00,1,,,,Russian Federation
080242 - - Shelled,,30.00,30.00,1,,,,Russian Federation
080251 - - In shell,,30.00,30.00,1,,,,Russian Federation
080252 - - Shelled,,30.00,30.00,1,,,,Russian Federation
080261 - - In shell,,30.00,30.00,1,,,,Russian Federation
080262 - - Shelled,,30.00,30.00,1,,,,Russian Federation
080270 - Kola nuts (Cola spp.),,30.00,30.00,1,,,,Russian Federation
080280 - Areca nuts,,100.00,100.00,4,,,,Russian Federation
080290 - Other,,100.00,100.00,1,,,,Russian Federation
080310 - Plantains,,30.00,30.00,2,,,,Russian Federation
080390 - Other,,30.00,30.00,2,,,,Russian Federation
080410 - Dates,,30.00,30.00,4,,,,Russian Federation
080420 - Figs,,30.00,30.00,2,,,,Russian Federation
080430 - Pineapples,,30.00,30.00,1,,,,Russian Federation
080440 - Avocados,,30.00,30.00,1,,,,Russian Federation
"080450 - Guavas, mangoes and mangosteens",,30.00,30.00,5,,,,Russian Federation
080510 - Oranges,,40.00,40.00,1,,,,Russian Federation
080521 - - Mandarins (including tangerines and satsumas),,30.00,30.00,1,,,,Russian Federation
080522 - - Clementines,,30.00,30.00,1,,,,Russian Federation
080529 - - Other,,30.00,30.00,1,,,,Russian Federation
"080540 - Grapefruit, including pomelos",,25.00,25.00,1,,,,Russian Federation
"080550 - Lemons (Citrus limon, Citrus limonum) and limes (Citrus aurantifolia, Citrus latifolia)",,40.00,40.00,1,,,,Russian Federation
080590 - Other,,30.00,30.00,1,,,,Russian Federation
080610 - Fresh,,40.00,40.00,1,,,,Russian Federation
080620 - Dried,,105.00,105.00,2,,,,Russian Federation
080711 - - Watermelons,,30.00,30.00,1,,,,Russian Federation
080719 - - Other,,30.00,30.00,1,,,,Russian Federation
080720 - Papaws (papayas),,30.00,30.00,1,,,,Russian Federation
080810 - Apples,,50.00,50.00,1,,,,Russian Federation
080830 - Pears,,35.00,35.00,1,,,,Russian Federation
080840 - Quinces,,35.00,35.00,1,,,,Russian Federation
080910 - Apricots,,30.00,30.00,1,,,,Russian Federation
080921 - - Sour cherries (Prunus cerasus),,30.00,30.00,1,,,,Russian Federation
080929 - - Other,,30.00,30.00,1,,,,Russian Federation
"080930 - Peaches, including nectarines",,30.00,30.00,1,,,,Russian Federation
080940 - Plums and sloes,,25.00,25.00,1,,,,Russian Federation
081010 - Strawberries,,30.00,30.00,1,,,,Russian Federation
"081020 - Raspberries, blackberries, mulberries and loganberries",,30.00,30.00,1,,,,Russian Federation
"081030 - Black, white or red currants and gooseberries",,30.00,30.00,1,,,,Russian Federation
"081040 - Cranberries, bilberries and other fruits of the genus Vaccinium",,30.00,30.00,1,,,,Russian Federation
081050 - Kiwifruit,,30.00,30.00,1,,,,Russian Federation
081060 - Durians,,30.00,30.00,1,,,,Russian Federation
081070 - Persimmons,,30.00,30.00,1,,,,Russian Federation
081090 - Other,,30.00,30.00,7,,,,Russian Federation
081110 - Strawberries,,30.00,30.00,3,,,,Russian Federation
"081120 - Raspberries, blackberries, mulberries, loganberries, black, white or red currants and gooseberries",,30.00,30.00,3,,,,Russian Federation
081190 - Other,,30.00,30.00,2,,,,Russian Federation
081210 - Cherries,,30.00,30.00,1,,,,Russian Federation
081290 - Other,,30.00,30.00,2,,,,Russian Federation
081310 - Apricots,,30.00,30.00,1,,,,Russian Federation
081320 - Prunes,,25.00,25.00,1,,,,Russian Federation
081330 - Apples,,30.00,30.00,1,,,,Russian Federation
081340 - Other fruit,,30.00,30.00,3,,,,Russian Federation
081350 - Mixtures of nuts or dried fruits of this Chapter,,30.00,30.00,2,,,,Russian Federation
"081400 Peel of citrus fruit or melons (including watermelons), fresh, frozen, dried or provisionally preserved in brine, in sulphur water or in other preservative solutions.",,30.00,30.00,1,,,,Russian Federation
,2017,,35.00,35.00,103,2,,,Russian Federation
080111 - - Desiccated,,70.00,70.00,1,,,,Russian Federation
080112 - - In the inner shell (endocarp),,70.00,70.00,3,,,,Russian Federation
080119 - - Other,,70.00,70.00,3,,,,Russian Federation
080121 - - In shell,,30.00,30.00,1,,,,Russian Federation
080122 - - Shelled,,30.00,30.00,1,,,,Russian Federation
080131 - - In shell,,5.00,5.00,1,,,,Russian Federation
080132 - - Shelled,,45.00,45.00,3,,,,Russian Federation
080211 - - In shell,,,,1,1,,,Russian Federation
080212 - - Shelled,,,,1,1,,,Russian Federation
080221 - - In shell,,10.00,10.00,1,,,,Russian Federation
080222 - - Shelled,,10.00,10.00,1,,,,Russian Federation
080231 - - In shell,,30.00,30.00,1,,,,Russian Federation
080232 - - Shelled,,30.00,30.00,1,,,,Russian Federation
080241 - - In shell,,30.00,30.00,1,,,,Russian Federation
080242 - - Shelled,,30.00,30.00,1,,,,Russian Federation
080251 - - In shell,,10.00,10.00,1,,,,Russian Federation
080252 - - Shelled,,10.00,10.00,1,,,,Russian Federation
080261 - - In shell,,30.00,30.00,1,,,,Russian Federation
080262 - - Shelled,,30.00,30.00,1,,,,Russian Federation
080270 - Kola nuts (Cola spp.),,30.00,30.00,1,,,,Russian Federation
080280 - Areca nuts,,100.00,100.00,4,,,,Russian Federation
080290 - Other,,30.00,30.00,1,,,,Russian Federation
080310 - Plantains,,30.00,30.00,2,,,,Russian Federation
080390 - Other,,30.00,30.00,2,,,,Russian Federation
080410 - Dates,,25.00,25.00,4,,,,Russian Federation
080420 - Figs,,30.00,30.00,2,,,,Russian Federation
080430 - Pineapples,,30.00,30.00,1,,,,Russian Federation
080440 - Avocados,,30.00,30.00,1,,,,Russian Federation
"080450 - Guavas, mangoes and mangosteens",,30.00,30.00,5,,,,Russian Federation
080510 - Oranges,,30.00,30.00,1,,,,Russian Federation
080521 - - Mandarins (including tangerines and satsumas),,30.00,30.00,1,,,,Russian Federation
080522 - - Clementines,,30.00,30.00,1,,,,Russian Federation
080529 - - Other,,30.00,30.00,1,,,,Russian Federation
"080540 - Grapefruit, including pomelos",,25.00,25.00,1,,,,Russian Federation
"080550 - Lemons (Citrus limon, Citrus limonum) and limes (Citrus aurantifolia, Citrus latifolia)",,30.00,30.00,1,,,,Russian Federation
080590 - Other,,30.00,30.00,1,,,,Russian Federation
080610 - Fresh,,30.00,30.00,1,,,,Russian Federation
080620 - Dried,,100.00,100.00,2,,,,Russian Federation
080711 - - Watermelons,,30.00,30.00,1,,,,Russian Federation
080719 - - Other,,30.00,30.00,1,,,,Russian Federation
080720 - Papaws (papayas),,30.00,30.00,1,,,,Russian Federation
080810 - Apples,,50.00,50.00,1,,,,Russian Federation
080830 - Pears,,30.00,30.00,1,,,,Russian Federation
080840 - Quinces,,30.00,30.00,1,,,,Russian Federation
080910 - Apricots,,30.00,30.00,1,,,,Russian Federation
080921 - - Sour cherries (Prunus cerasus),,30.00,30.00,1,,,,Russian Federation
080929 - - Other,,30.00,30.00,1,,,,Russian Federation
"080930 - Peaches, including nectarines",,30.00,30.00,1,,,,Russian Federation
080940 - Plums and sloes,,25.00,25.00,1,,,,Russian Federation
081010 - Strawberries,,30.00,30.00,1,,,,Russian Federation
"081020 - Raspberries, blackberries, mulberries and loganberries",,30.00,30.00,1,,,,Russian Federation
"081030 - Black, white or red currants and gooseberries",,30.00,30.00,1,,,,Russian Federation
"081040 - Cranberries, bilberries and other fruits of the genus Vaccinium",,30.00,30.00,1,,,,Russian Federation
081050 - Kiwifruit,,30.00,30.00,1,,,,Russian Federation
081060 - Durians,,15.00,15.00,1,,,,Russian Federation
081070 - Persimmons,,30.00,30.00,1,,,,Russian Federation
081090 - Other,,15.00,15.00,7,,,,Russian Federation
081110 - Strawberries,,30.00,30.00,3,,,,Russian Federation
"081120 - Raspberries, blackberries, mulberries, loganberries, black, white or red currants and gooseberries",,30.00,30.00,3,,,,Russian Federation
081190 - Other,,30.00,30.00,2,,,,Russian Federation
081210 - Cherries,,30.00,30.00,1,,,,Russian Federation
081290 - Other,,30.00,30.00,2,,,,Russian Federation
081310 - Apricots,,30.00,30.00,1,,,,Russian Federation
081320 - Prunes,,25.00,25.00,1,,,,Russian Federation
081330 - Apples,,30.00,30.00,1,,,,Russian Federation
081340 - Other fruit,,30.00,30.00,3,,,,Russian Federation
081350 - Mixtures of nuts or dried fruits of this Chapter,,30.00,30.00,2,,,,Russian Federation
"081400 Peel of citrus fruit or melons (including watermelons), fresh, frozen, dried or provisionally preserved in brine, in sulphur water or in other preservative solutions.",,30.00,30.00,1,,,,Russian Federation
,2016,,35.10,35.10,101,2,,,Russian Federation
080111 -- Desiccated,,70.00,70.00,1,,,,Russian Federation
080112 -- In the inner shell (endocarp),,70.00,70.00,3,,,,Russian Federation
080119 -- Other,,70.00,70.00,3,,,,Russian Federation
080121 -- In shell,,30.00,30.00,1,,,,Russian Federation
080122 -- Shelled,,30.00,30.00,1,,,,Russian Federation
080131 -- In shell,,5.00,5.00,1,,,,Russian Federation
080132 -- Shelled,,45.00,45.00,3,,,,Russian Federation
080211 -- In shell,,,,1,1,,,Russian Federation
080212 -- Shelled,,,,1,1,,,Russian Federation
080221 -- In shell,,10.00,10.00,1,,,,Russian Federation
080222 -- Shelled,,10.00,10.00,1,,,,Russian Federation
080231 -- In shell,,30.00,30.00,1,,,,Russian Federation
080232 -- Shelled,,30.00,30.00,1,,,,Russian Federation
080241 -- In shell,,30.00,30.00,1,,,,Russian Federation
080242 -- Shelled,,30.00,30.00,1,,,,Russian Federation
080251 -- In shell,,10.00,10.00,1,,,,Russian Federation
080252 -- Shelled,,10.00,10.00,1,,,,Russian Federation
080261 -- In shell,,30.00,30.00,1,,,,Russian Federation
080262 -- Shelled,,30.00,30.00,1,,,,Russian Federation
080270 - Kola nuts (Cola spp.),,30.00,30.00,1,,,,Russian Federation
080280 - Areca nuts,,100.00,100.00,4,,,,Russian Federation
080290 - Other,,30.00,30.00,1,,,,Russian Federation
080310 - Plantains,,30.00,30.00,2,,,,Russian Federation
080390 - Other,,30.00,30.00,2,,,,Russian Federation
080410 - Dates,,25.00,25.00,4,,,,Russian Federation
080420 - Figs,,30.00,30.00,2,,,,Russian Federation
080430 - Pineapples,,30.00,30.00,1,,,,Russian Federation
080440 - Avocados,,30.00,30.00,1,,,,Russian Federation
"080450 - Guavas, mangoes and mangosteens",,30.00,30.00,5,,,,Russian Federation
080510 - Oranges,,30.00,30.00,1,,,,Russian Federation
"080520 - Mandarins (including tangerines and satsumas); clementines, wilkings and similar citrus hybrids",,30.00,30.00,1,,,,Russian Federation
"080540 - Grapefruit, including pomelos",,25.00,25.00,1,,,,Russian Federation
"080550 - Lemons (Citrus limon, Citrus limonum) and limes (Citrus aurantifolia, Citrus latifolia)",,30.00,30.00,1,,,,Russian Federation
080590 - Other,,30.00,30.00,1,,,,Russian Federation
080610 - Fresh,,30.00,30.00,1,,,,Russian Federation
080620 - Dried,,100.00,100.00,2,,,,Russian Federation
080711 -- Watermelons,,30.00,30.00,1,,,,Russian Federation
080719 -- Other,,30.00,30.00,1,,,,Russian Federation
080720 - Papaws (papayas),,30.00,30.00,1,,,,Russian Federation
080810 - Apples,,50.00,50.00,1,,,,Russian Federation
080830 - Pears,,30.00,30.00,1,,,,Russian Federation
080840 - Quinces,,30.00,30.00,1,,,,Russian Federation
080910 - Apricots,,30.00,30.00,1,,,,Russian Federation
080921 -- Sour cherries (Prunus cerasus),,30.00,30.00,1,,,,Russian Federation
080929 -- Other,,30.00,30.00,1,,,,Russian Federation
"080930 - Peaches, including nectarines",,30.00,30.00,1,,,,Russian Federation
080940 - Plums and sloes,,25.00,25.00,1,,,,Russian Federation
081010 - Strawberries,,30.00,30.00,1,,,,Russian Federation
"081020 - Raspberries, blackberries, mulberries and loganberries",,30.00,30.00,1,,,,Russian Federation
"081030 - Black, white or red currants and gooseberries",,30.00,30.00,1,,,,Russian Federation
"081040 - Cranberries, bilberries and other fruits of the genus Vaccinium",,30.00,30.00,1,,,,Russian Federation
081050 - Kiwifruit,,30.00,30.00,1,,,,Russian Federation
081060 - Durians,,15.00,15.00,1,,,,Russian Federation
081070 - Persimmons,,30.00,30.00,1,,,,Russian Federation
081090 - Other,,15.00,15.00,7,,,,Russian Federation
081110 - Strawberries,,30.00,30.00,3,,,,Russian Federation
"081120 - Raspberries, blackberries, mulberries, loganberries, black, white or red currants and gooseberries",,30.00,30.00,3,,,,Russian Federation
081190 - Other,,30.00,30.00,2,,,,Russian Federation
081210 - Cherries,,30.00,30.00,1,,,,Russian Federation
081290 - Other,,30.00,30.00,2,,,,Russian Federation
081310 - Apricots,,30.00,30.00,1,,,,Russian Federation
081320 - Prunes,,25.00,25.00,1,,,,Russian Federation
081330 - Apples,,30.00,30.00,1,,,,Russian Federation
081340 - Other fruit,,30.00,30.00,3,,,,Russian Federation
081350 - Mixtures of nuts or dried fruits of this Chapter,,30.00,30.00,2,,,,Russian Federation
"081400 Peel of citrus fruit or melons (including watermelons), fresh, frozen, dried or provisionally preserved in brine, in sulphur water or in other preservative solutions.",,30.00,30.00,1,,,,Russian Federation
,2015,,35.05,35.05,101,2,,,Russian Federation
080111 -- Desiccated,,70.00,70.00,1,,,,Russian Federation
080112 -- In the inner shell (endocarp),,70.00,70.00,3,,,,Russian Federation
080119 -- Other,,70.00,70.00,3,,,,Russian Federation
080121 -- In shell,,30.00,30.00,1,,,,Russian Federation
080122 -- Shelled,,30.00,30.00,1,,,,Russian Federation
080131 -- In shell,,0.00,0.00,1,,,,Russian Federation
080132 -- Shelled,,45.00,45.00,3,,,,Russian Federation
080211 -- In shell,,,,1,1,,,Russian Federation
080212 -- Shelled,,,,1,1,,,Russian Federation
080221 -- In shell,,10.00,10.00,1,,,,Russian Federation
080222 -- Shelled,,10.00,10.00,1,,,,Russian Federation
080231 -- In shell,,30.00,30.00,1,,,,Russian Federation
080232 -- Shelled,,30.00,30.00,1,,,,Russian Federation
080241 -- In shell,,30.00,30.00,1,,,,Russian Federation
080242 -- Shelled,,30.00,30.00,1,,,,Russian Federation
080251 -- In shell,,10.00,10.00,1,,,,Russian Federation
080252 -- Shelled,,10.00,10.00,1,,,,Russian Federation
080261 -- In shell,,30.00,30.00,1,,,,Russian Federation
080262 -- Shelled,,30.00,30.00,1,,,,Russian Federation
080270 - Kola nuts (Cola spp.),,30.00,30.00,1,,,,Russian Federation
080280 - Areca nuts,,100.00,100.00,4,,,,Russian Federation
080290 - Other,,30.00,30.00,1,,,,Russian Federation
080310 - Plantains,,30.00,30.00,2,,,,Russian Federation
080390 - Other,,30.00,30.00,2,,,,Russian Federation
080410 - Dates,,25.00,25.00,4,,,,Russian Federation
080420 - Figs,,30.00,30.00,2,,,,Russian Federation
080430 - Pineapples,,30.00,30.00,1,,,,Russian Federation
080440 - Avocados,,30.00,30.00,1,,,,Russian Federation
"080450 - Guavas, mangoes and mangosteens",,30.00,30.00,5,,,,Russian Federation
080510 - Oranges,,30.00,30.00,1,,,,Russian Federation
"080520 - Mandarins (including tangerines and satsumas); clementines, wilkings and similar citrus hybrids",,30.00,30.00,1,,,,Russian Federation
"080540 - Grapefruit, including pomelos",,25.00,25.00,1,,,,Russian Federation
"080550 - Lemons (Citrus limon, Citrus limonum) and limes (Citrus aurantifolia, Citrus latifolia)",,30.00,30.00,1,,,,Russian Federation
080590 - Other,,30.00,30.00,1,,,,Russian Federation
080610 - Fresh,,30.00,30.00,1,,,,Russian Federation
080620 - Dried,,100.00,100.00,2,,,,Russian Federation
080711 -- Watermelons,,30.00,30.00,1,,,,Russian Federation
080719 -- Other,,30.00,30.00,1,,,,Russian Federation
080720 - Papaws (papayas),,30.00,30.00,1,,,,Russian Federation
080810 - Apples,,50.00,50.00,1,,,,Russian Federation
080830 - Pears,,30.00,30.00,1,,,,Russian Federation
080840 - Quinces,,30.00,30.00,1,,,,Russian Federation
080910 - Apricots,,30.00,30.00,1,,,,Russian Federation
080921 -- Sour cherries (Prunus cerasus),,30.00,30.00,1,,,,Russian Federation
080929 -- Other,,30.00,30.00,1,,,,Russian Federation
"080930 - Peaches, including nectarines",,30.00,30.00,1,,,,Russian Federation
080940 - Plums and sloes,,25.00,25.00,1,,,,Russian Federation
081010 - Strawberries,,30.00,30.00,1,,,,Russian Federation
"081020 - Raspberries, blackberries, mulberries and loganberries",,30.00,30.00,1,,,,Russian Federation
"081030 - Black, white or red currants and gooseberries",,30.00,30.00,1,,,,Russian Federation
"081040 - Cranberries, bilberries and other fruits of the genus Vaccinium",,30.00,30.00,1,,,,Russian Federation
081050 - Kiwifruit,,30.00,30.00,1,,,,Russian Federation
081060 - Durians,,15.00,15.00,1,,,,Russian Federation
081070 - Persimmons,,30.00,30.00,1,,,,Russian Federation
081090 - Other,,15.00,15.00,7,,,,Russian Federation
081110 - Strawberries,,30.00,30.00,3,,,,Russian Federation
"081120 - Raspberries, blackberries, mulberries, loganberries, black, white or red currants and gooseberries",,30.00,30.00,3,,,,Russian Federation
081190 - Other,,30.00,30.00,2,,,,Russian Federation
081210 - Cherries,,30.00,30.00,1,,,,Russian Federation
081290 - Other,,30.00,30.00,2,,,,Russian Federation
081310 - Apricots,,30.00,30.00,1,,,,Russian Federation
081320 - Prunes,,25.00,25.00,1,,,,Russian Federation
081330 - Apples,,30.00,30.00,1,,,,Russian Federation
081340 - Other fruit,,30.00,30.00,3,,,,Russian Federation
081350 - Mixtures of nuts or dried fruits of this Chapter,,30.00,30.00,2,,,,Russian Federation
"081400 Peel of citrus fruit or melons (including watermelons), fresh, frozen, dried or provisionally preserved in brine, in sulphur water or in other preservative solutions.",,30.00,30.00,1,,,,Russian Federation
,2014,,35.45,35.45,101,2,,,Russian Federation
080111 -- Desiccated,,70.00,70.00,1,,,,Russian Federation
080112 -- In the inner shell (endocarp),,70.00,70.00,3,,,,Russian Federation
080119 -- Other,,70.00,70.00,3,,,,Russian Federation
080121 -- In shell,,30.00,30.00,1,,,,Russian Federation
080122 -- Shelled,,30.00,30.00,1,,,,Russian Federation
080131 -- In shell,,0.00,0.00,1,,,,Russian Federation
080132 -- Shelled,,40.00,40.00,3,,,,Russian Federation
080211 -- In shell,,,,1,1,,,Russian Federation
080212 -- Shelled,,,,1,1,,,Russian Federation
080221 -- In shell,,10.00,10.00,1,,,,Russian Federation
080222 -- Shelled,,10.00,10.00,1,,,,Russian Federation
080231 -- In shell,,30.00,30.00,1,,,,Russian Federation
080232 -- Shelled,,30.00,30.00,1,,,,Russian Federation
080241 -- In shell,,30.00,30.00,1,,,,Russian Federation
080242 -- Shelled,,30.00,30.00,1,,,,Russian Federation
080251 -- In shell,,10.00,10.00,1,,,,Russian Federation
080252 -- Shelled,,10.00,10.00,1,,,,Russian Federation
080261 -- In shell,,30.00,30.00,1,,,,Russian Federation
080262 -- Shelled,,30.00,30.00,1,,,,Russian Federation
080270 - Kola nuts (Cola spp.),,30.00,30.00,1,,,,Russian Federation
080280 - Areca nuts,,100.00,100.00,4,,,,Russian Federation
080290 - Other,,100.00,100.00,1,,,,Russian Federation
080310 - Plantains,,30.00,30.00,2,,,,Russian Federation
080390 - Other,,30.00,30.00,2,,,,Russian Federation
080410 - Dates,,25.00,25.00,4,,,,Russian Federation
080420 - Figs,,30.00,30.00,2,,,,Russian Federation
080430 - Pineapples,,30.00,30.00,1,,,,Russian Federation
080440 - Avocados,,30.00,30.00,1,,,,Russian Federation
"080450 - Guavas, mangoes and mangosteens",,30.00,30.00,5,,,,Russian Federation
080510 - Oranges,,30.00,30.00,1,,,,Russian Federation
"080520 - Mandarins (including tangerines and satsumas); clementines, wilkings and similar citrus hybrids",,30.00,30.00,1,,,,Russian Federation
"080540 - Grapefruit, including pomelos",,25.00,25.00,1,,,,Russian Federation
"080550 - Lemons (Citrus limon, Citrus limonum) and limes (Citrus aurantifolia, Citrus latifolia)",,30.00,30.00,1,,,,Russian Federation
080590 - Other,,30.00,30.00,1,,,,Russian Federation
080610 - Fresh,,30.00,30.00,1,,,,Russian Federation
080620 - Dried,,100.00,100.00,2,,,,Russian Federation
080711 -- Watermelons,,30.00,30.00,1,,,,Russian Federation
080719 -- Other,,30.00,30.00,1,,,,Russian Federation
080720 - Papaws (papayas),,30.00,30.00,1,,,,Russian Federation
080810 - Apples,,50.00,50.00,1,,,,Russian Federation
080830 - Pears,,30.00,30.00,1,,,,Russian Federation
080840 - Quinces,,30.00,30.00,1,,,,Russian Federation
080910 - Apricots,,30.00,30.00,1,,,,Russian Federation
080921 -- Sour cherries (Prunus cerasus),,30.00,30.00,1,,,,Russian Federation
080929 -- Other,,30.00,30.00,1,,,,Russian Federation
"080930 - Peaches, including nectarines",,30.00,30.00,1,,,,Russian Federation
080940 - Plums and sloes,,25.00,25.00,1,,,,Russian Federation
081010 - Strawberries,,30.00,30.00,1,,,,Russian Federation
"081020 - Raspberries, blackberries, mulberries and loganberries",,30.00,30.00,1,,,,Russian Federation
"081030 - Black, white or red currants and gooseberries",,30.00,30.00,1,,,,Russian Federation
"081040 - Cranberries, bilberries and other fruits of the genus Vaccinium",,30.00,30.00,1,,,,Russian Federation
081050 - Kiwifruit,,30.00,30.00,1,,,,Russian Federation
081060 - Durians,,15.00,15.00,1,,,,Russian Federation
081070 - Persimmons,,15.00,15.00,1,,,,Russian Federation
081090 - Other,,15.00,15.00,7,,,,Russian Federation
081110 - Strawberries,,30.00,30.00,3,,,,Russian Federation
"081120 - Raspberries, blackberries, mulberries, loganberries, black, white or red currants and gooseberries",,30.00,30.00,3,,,,Russian Federation
081190 - Other,,30.00,30.00,2,,,,Russian Federation
081210 - Cherries,,30.00,30.00,1,,,,Russian Federation
081290 - Other,,30.00,30.00,2,,,,Russian Federation
081310 - Apricots,,30.00,30.00,1,,,,Russian Federation
081320 - Prunes,,25.00,25.00,1,,,,Russian Federation
081330 - Apples,,30.00,30.00,1,,,,Russian Federation
081340 - Other fruit,,30.00,30.00,3,,,,Russian Federation
081350 - Mixtures of nuts or dried fruits of this Chapter,,30.00,30.00,2,,,,Russian Federation
"081400 Peel of citrus fruit or melons (including watermelons), fresh, frozen, dried or provisionally preserved in brine, in sulphur water or in other preservative solutions.",,30.00,30.00,1,,,,Russian Federation
,2013,,35.15,35.15,101,2,,,Russian Federation
080111 -- Desiccated,,70.00,70.00,1,,,,Russian Federation
080112 -- In the inner shell (endocarp),,70.00,70.00,3,,,,Russian Federation
080119 -- Other,,70.00,70.00,3,,,,Russian Federation
080121 -- In shell,,30.00,30.00,1,,,,Russian Federation
080122 -- Shelled,,30.00,30.00,1,,,,Russian Federation
080131 -- In shell,,0.00,0.00,1,,,,Russian Federation
080132 -- Shelled,,30.00,30.00,3,,,,Russian Federation
080211 -- In shell,,,,1,1,,,Russian Federation
080212 -- Shelled,,,,1,1,,,Russian Federation
080221 -- In shell,,10.00,10.00,1,,,,Russian Federation
080222 -- Shelled,,10.00,10.00,1,,,,Russian Federation
080231 -- In shell,,30.00,30.00,1,,,,Russian Federation
080232 -- Shelled,,30.00,30.00,1,,,,Russian Federation
080241 -- In shell,,30.00,30.00,1,,,,Russian Federation
080242 -- Shelled,,30.00,30.00,1,,,,Russian Federation
080251 -- In shell,,10.00,10.00,1,,,,Russian Federation
080252 -- Shelled,,10.00,10.00,1,,,,Russian Federation
080261 -- In shell,,30.00,30.00,1,,,,Russian Federation
080262 -- Shelled,,30.00,30.00,1,,,,Russian Federation
080270 - Kola nuts (Cola spp.),,30.00,30.00,1,,,,Russian Federation
080280 - Areca nuts,,100.00,100.00,4,,,,Russian Federation
080290 - Other,,100.00,100.00,1,,,,Russian Federation
080310 - Plantains,,30.00,30.00,2,,,,Russian Federation
080390 - Other,,30.00,30.00,2,,,,Russian Federation
080410 - Dates,,25.00,25.00,4,,,,Russian Federation
080420 - Figs,,30.00,30.00,2,,,,Russian Federation
080430 - Pineapples,,30.00,30.00,1,,,,Russian Federation
080440 - Avocados,,30.00,30.00,1,,,,Russian Federation
"080450 - Guavas, mangoes and mangosteens",,30.00,30.00,5,,,,Russian Federation
080510 - Oranges,,30.00,30.00,1,,,,Russian Federation
"080520 - Mandarins (including tangerines and satsumas); clementines, wilkings and similar citrus hybrids",,30.00,30.00,1,,,,Russian Federation
"080540 - Grapefruit, including pomelos",,25.00,25.00,1,,,,Russian Federation
"080550 - Lemons (Citrus limon, Citrus limonum) and limes (Citrus aurantifolia, Citrus latifolia)",,30.00,30.00,1,,,,Russian Federation
080590 - Other,,30.00,30.00,1,,,,Russian Federation
080610 - Fresh,,30.00,30.00,1,,,,Russian Federation
080620 - Dried,,100.00,100.00,2,,,,Russian Federation
080711 -- Watermelons,,30.00,30.00,1,,,,Russian Federation
080719 -- Other,,30.00,30.00,1,,,,Russian Federation
080720 - Papaws (papayas),,30.00,30.00,1,,,,Russian Federation
080810 - Apples,,50.00,50.00,1,,,,Russian Federation
080830 - Pears,,30.00,30.00,1,,,,Russian Federation
080840 - Quinces,,30.00,30.00,1,,,,Russian Federation
080910 - Apricots,,30.00,30.00,1,,,,Russian Federation
080921 -- Sour cherries (Prunus cerasus),,30.00,30.00,1,,,,Russian Federation
080929 -- Other,,30.00,30.00,1,,,,Russian Federation
"080930 - Peaches, including nectarines",,30.00,30.00,1,,,,Russian Federation
080940 - Plums and sloes,,25.00,25.00,1,,,,Russian Federation
081010 - Strawberries,,30.00,30.00,1,,,,Russian Federation
"081020 - Raspberries, blackberries, mulberries and loganberries",,30.00,30.00,1,,,,Russian Federation
"081030 - Black, white or red currants and gooseberries",,30.00,30.00,1,,,,Russian Federation
"081040 - Cranberries, bilberries and other fruits of the genus Vaccinium",,30.00,30.00,1,,,,Russian Federation
081050 - Kiwifruit,,30.00,30.00,1,,,,Russian Federation
081060 - Durians,,15.00,15.00,1,,,,Russian Federation
081070 - Persimmons,,15.00,15.00,1,,,,Russian Federation
081090 - Other,,15.00,15.00,7,,,,Russian Federation
081110 - Strawberries,,30.00,30.00,3,,,,Russian Federation
"081120 - Raspberries, blackberries, mulberries, loganberries, black, white or red currants and gooseberries",,30.00,30.00,3,,,,Russian Federation
081190 - Other,,30.00,30.00,2,,,,Russian Federation
081210 - Cherries,,30.00,30.00,1,,,,Russian Federation
081290 - Other,,30.00,30.00,2,,,,Russian Federation
081310 - Apricots,,30.00,30.00,1,,,,Russian Federation
081320 - Prunes,,25.00,25.00,1,,,,Russian Federation
081330 - Apples,,30.00,30.00,1,,,,Russian Federation
081340 - Other fruit,,30.00,30.00,3,,,,Russian Federation
081350 - Mixtures of nuts or dried fruits of this Chapter,,30.00,30.00,2,,,,Russian Federation
"081400 Peel of citrus fruit or melons (including watermelons), fresh, frozen, dried or provisionally preserved in brine, in sulphur water or in other preservative solutions.",,30.00,30.00,1,,,,Russian Federation
,2012,,35.56,35.56,101,2,,,Russian Federation
080111 -- Desiccated,,70.00,70.00,1,,,,Russian Federation
080112 -- In the inner shell (endocarp),,70.00,70.00,3,,,,Russian Federation
080119 -- Other,,70.00,70.00,3,,,,Russian Federation
080121 -- In shell,,30.00,30.00,1,,,,Russian Federation
080122 -- Shelled,,30.00,30.00,1,,,,Russian Federation
080131 -- In shell,,0.00,0.00,1,,,,Russian Federation
080132 -- Shelled,,30.00,30.00,3,,,,Russian Federation
080211 -- In shell,,,,1,1,,,Russian Federation
080212 -- Shelled,,,,1,1,,,Russian Federation
080221 -- In shell,,30.00,30.00,1,,,,Russian Federation
080222 -- Shelled,,30.00,30.00,1,,,,Russian Federation
080231 -- In shell,,30.00,30.00,1,,,,Russian Federation
080232 -- Shelled,,30.00,30.00,1,,,,Russian Federation
080241 -- In shell,,30.00,30.00,1,,,,Russian Federation
080242 -- Shelled,,30.00,30.00,1,,,,Russian Federation
080251 -- In shell,,10.00,10.00,1,,,,Russian Federation
080252 -- Shelled,,10.00,10.00,1,,,,Russian Federation
080261 -- In shell,,30.00,30.00,1,,,,Russian Federation
080262 -- Shelled,,30.00,30.00,1,,,,Russian Federation
080270 - Kola nuts (Cola spp.),,30.00,30.00,1,,,,Russian Federation
080280 - Areca nuts,,100.00,100.00,4,,,,Russian Federation
080290 - Other,,100.00,100.00,1,,,,Russian Federation
080310 - Plantains,,30.00,30.00,2,,,,Russian Federation
080390 - Other,,30.00,30.00,2,,,,Russian Federation
080410 - Dates,,25.00,25.00,4,,,,Russian Federation
080420 - Figs,,30.00,30.00,2,,,,Russian Federation
080430 - Pineapples,,30.00,30.00,1,,,,Russian Federation
080440 - Avocados,,30.00,30.00,1,,,,Russian Federation
"080450 - Guavas, mangoes and mangosteens",,30.00,30.00,5,,,,Russian Federation
080510 - Oranges,,30.00,30.00,1,,,,Russian Federation
"080520 - Mandarins (including tangerines and satsumas); clementines, wilkings and similar citrus hybrids",,30.00,30.00,1,,,,Russian Federation
"080540 - Grapefruit, including pomelos",,25.00,25.00,1,,,,Russian Federation
"080550 - Lemons (Citrus limon, Citrus limonum) and limes (Citrus aurantifolia, Citrus latifolia)",,30.00,30.00,1,,,,Russian Federation
080590 - Other,,30.00,30.00,1,,,,Russian Federation
080610 - Fresh,,30.00,30.00,1,,,,Russian Federation
080620 - Dried,,100.00,100.00,2,,,,Russian Federation
080711 -- Watermelons,,30.00,30.00,1,,,,Russian Federation
080719 -- Other,,30.00,30.00,1,,,,Russian Federation
080720 - Papaws (papayas),,30.00,30.00,1,,,,Russian Federation
080810 - Apples,,50.00,50.00,1,,,,Russian Federation
080830 - Pears,,30.00,30.00,1,,,,Russian Federation
080840 - Quinces,,30.00,30.00,1,,,,Russian Federation
080910 - Apricots,,30.00,30.00,1,,,,Russian Federation
080921 -- Sour cherries (Prunus cerasus),,30.00,30.00,1,,,,Russian Federation
080929 -- Other,,30.00,30.00,1,,,,Russian Federation
"080930 - Peaches, including nectarines",,30.00,30.00,1,,,,Russian Federation
080940 - Plums and sloes,,25.00,25.00,1,,,,Russian Federation
081010 - Strawberries,,30.00,30.00,1,,,,Russian Federation
"081020 - Raspberries, blackberries, mulberries and loganberries",,30.00,30.00,1,,,,Russian Federation
"081030 - Black, white or red currants and gooseberries",,30.00,30.00,1,,,,Russian Federation
"081040 - Cranberries, bilberries and other fruits of the genus Vaccinium",,30.00,30.00,1,,,,Russian Federation
081050 - Kiwifruit,,30.00,30.00,1,,,,Russian Federation
081060 - Durians,,15.00,15.00,1,,,,Russian Federation
081070 - Persimmons,,15.00,15.00,1,,,,Russian Federation
081090 - Other,,15.00,15.00,7,,,,Russian Federation
081110 - Strawberries,,30.00,30.00,3,,,,Russian Federation
"081120 - Raspberries, blackberries, mulberries, loganberries, black, white or red currants and gooseberries",,30.00,30.00,3,,,,Russian Federation
081190 - Other,,30.00,30.00,2,,,,Russian Federation
081210 - Cherries,,30.00,30.00,1,,,,Russian Federation
081290 - Other,,30.00,30.00,2,,,,Russian Federation
081310 - Apricots,,30.00,30.00,1,,,,Russian Federation
081320 - Prunes,,25.00,25.00,1,,,,Russian Federation
081330 - Apples,,30.00,30.00,1,,,,Russian Federation
081340 - Other fruit,,30.00,30.00,3,,,,Russian Federation
081350 - Mixtures of nuts or dried fruits of this Chapter,,30.00,30.00,2,,,,Russian Federation
"081400 Peel of citrus fruit or melons (including watermelons), fresh, frozen, dried or provisionally preserved in brine, in sulphur water or in other preservative solutions.",,30.00,30.00,1,,,,Russian Federation
,2011,"1,508,392",36.75,36.75,101,4,,,Russian Federation
080111 -- Desiccated,,70.00,70.00,1,,,,Russian Federation
080112 -- In the inner shell (endocarp),,70.00,70.00,3,,,,Russian Federation
080119 -- Other,,70.00,70.00,3,,,,Russian Federation
080121 -- In shell,,30.00,30.00,1,,,,Russian Federation
080122 -- Shelled,,30.00,30.00,1,,,,Russian Federation
080131 -- In shell,"439,524",30.00,30.00,1,,,,Russian Federation
080132 -- Shelled,,30.00,30.00,3,,,,Russian Federation
080211 -- In shell,"741,056",,,1,1,,,Russian Federation
080212 -- Shelled,,,,1,1,,,Russian Federation
080221 -- In shell,,30.00,30.00,1,,,,Russian Federation
080222 -- Shelled,,30.00,30.00,1,,,,Russian Federation
080231 -- In shell,,,,1,1,,,Russian Federation
080232 -- Shelled,,30.00,30.00,1,,,,Russian Federation
080241 -- In shell,,30.00,30.00,1,,,,Russian Federation
080242 -- Shelled,,30.00,30.00,1,,,,Russian Federation
080251 -- In shell,,30.00,30.00,1,,,,Russian Federation
080252 -- Shelled,,30.00,30.00,1,,,,Russian Federation
080261 -- In shell,,,,1,1,,,Russian Federation
080262 -- Shelled,,30.00,30.00,1,,,,Russian Federation
080270 - Kola nuts (Cola spp.),,30.00,30.00,1,,,,Russian Federation
080280 - Areca nuts,,100.00,100.00,2,,,,Russian Federation
080290 - Other,,100.00,100.00,3,,,,Russian Federation
080310 - Plantains,,30.00,30.00,2,,,,Russian Federation
080390 - Other,,30.00,30.00,2,,,,Russian Federation
080410 - Dates,"105,480",30.00,30.00,4,,,,Russian Federation
080420 - Figs,,30.00,30.00,2,,,,Russian Federation
080430 - Pineapples,,30.00,30.00,1,,,,Russian Federation
080440 - Avocados,,30.00,30.00,1,,,,Russian Federation
"080450 - Guavas, mangoes and mangosteens",,30.00,30.00,5,,,,Russian Federation
080510 - Oranges,,30.00,30.00,1,,,,Russian Federation
"080520 - Mandarins (including tangerines and satsumas); clementines, wilkings and similar citrus hybrids",,30.00,30.00,1,,,,Russian Federation
"080540 - Grapefruit, including pomelos",,25.00,25.00,1,,,,Russian Federation
"080550 - Lemons (Citrus limon, Citrus limonum) and limes (Citrus aurantifolia, Citrus latifolia)",,30.00,30.00,1,,,,Russian Federation
080590 - Other,,30.00,30.00,1,,,,Russian Federation
080610 - Fresh,,30.00,30.00,1,,,,Russian Federation
080620 - Dried,"38,344",100.00,100.00,2,,,,Russian Federation
080711 -- Watermelons,,30.00,30.00,1,,,,Russian Federation
080719 -- Other,,30.00,30.00,1,,,,Russian Federation
080720 - Papaws (papayas),,30.00,30.00,1,,,,Russian Federation
080810 - Apples,"129,566",50.00,50.00,1,,,,Russian Federation
080830 - Pears,"6,692",30.00,30.00,1,,,,Russian Federation
080840 - Quinces,"6,692",30.00,30.00,1,,,,Russian Federation
080910 - Apricots,,30.00,30.00,1,,,,Russian Federation
080921 -- Sour cherries (Prunus cerasus),,30.00,30.00,1,,,,Russian Federation
080929 -- Other,,30.00,30.00,1,,,,Russian Federation
"080930 - Peaches, including nectarines",,30.00,30.00,1,,,,Russian Federation
080940 - Plums and sloes,,25.00,25.00,1,,,,Russian Federation
081010 - Strawberries,,30.00,30.00,1,,,,Russian Federation
"081020 - Raspberries, blackberries, mulberries and loganberries",,30.00,30.00,1,,,,Russian Federation
"081030 - Black, white or red currants and gooseberries",,30.00,30.00,1,,,,Russian Federation
"081040 - Cranberries, bilberries and other fruits of the genus Vaccinium",,30.00,30.00,1,,,,Russian Federation
081050 - Kiwifruit,,30.00,30.00,1,,,,Russian Federation
081060 - Durians,,15.00,15.00,1,,,,Russian Federation
081070 - Persimmons,,30.00,30.00,1,,,,Russian Federation
081090 - Other,"41,038",15.00,15.00,7,,,,Russian Federation
081110 - Strawberries,,30.00,30.00,3,,,,Russian Federation
"081120 - Raspberries, blackberries, mulberries, loganberries, black, white or red currants and gooseberries",,30.00,30.00,3,,,,Russian Federation
081190 - Other,,30.00,30.00,2,,,,Russian Federation
081210 - Cherries,,30.00,30.00,1,,,,Russian Federation
081290 - Other,,30.00,30.00,2,,,,Russian Federation
081310 - Apricots,,30.00,30.00,1,,,,Russian Federation
081320 - Prunes,,25.00,25.00,1,,,,Russian Federation
081330 - Apples,,30.00,30.00,1,,,,Russian Federation
081340 - Other fruit,,30.00,30.00,3,,,,Russian Federation
081350 - Mixtures of nuts or dried fruits of this Chapter,,30.00,30.00,2,,,,Russian Federation
"081400 Peel of citrus fruit or melons (including watermelons), fresh, frozen, dried or provisionally preserved in brine, in sulphur water or in other preservative solutions.",,30.00,30.00,1,,,,Russian Federation
,2010,"298,368",31.82,31.82,87,2,,,Russian Federation
080111 -- Desiccated,,70.00,70.00,1,,,,Russian Federation
080119 -- Other,,70.00,70.00,3,,,,Russian Federation
080121 -- In shell,,30.00,30.00,1,,,,Russian Federation
080122 -- Shelled,,30.00,30.00,1,,,,Russian Federation
080131 -- In shell,"96,042",0.00,0.00,1,,,,Russian Federation
080132 -- Shelled,,30.00,30.00,3,,,,Russian Federation
080211 -- In shell,"202,327",,,1,1,,,Russian Federation
080212 -- Shelled,,,,1,1,,,Russian Federation
080221 -- In shell,,30.00,30.00,1,,,,Russian Federation
080222 -- Shelled,,30.00,30.00,1,,,,Russian Federation
080231 -- In shell,,30.00,30.00,1,,,,Russian Federation
080232 -- Shelled,,30.00,30.00,1,,,,Russian Federation
080240 - Chestnuts (Castanea spp.),,30.00,30.00,1,,,,Russian Federation
080250 - Pistachios,,30.00,30.00,1,,,,Russian Federation
080260 - Macadamia nuts,,30.00,30.00,1,,,,Russian Federation
080290 - Other,,30.00,30.00,5,,,,Russian Federation
"080300 Bananas, including plantains, fresh or dried.",,30.00,30.00,1,,,,Russian Federation
080410 - Dates,,30.00,30.00,4,,,,Russian Federation
080420 - Figs,,30.00,30.00,2,,,,Russian Federation
080430 - Pineapples,,30.00,30.00,1,,,,Russian Federation
080440 - Avocados,,30.00,30.00,1,,,,Russian Federation
"080450 - Guavas, mangoes and mangosteens",,30.00,30.00,5,,,,Russian Federation
080510 - Oranges,,30.00,30.00,1,,,,Russian Federation
"080520 - Mandarins (including tangerines and satsumas); clementines, wilkings and similar citrus hybrids",,30.00,30.00,1,,,,Russian Federation
"080540 - Grapefruit, including pomelos",,25.00,25.00,1,,,,Russian Federation
"080550 - Lemons (Citrus limon, Citrus limonum) and limes (Citrus aurantifolia, Citrus latifolia)",,30.00,30.00,1,,,,Russian Federation
080590 - Other,,30.00,30.00,1,,,,Russian Federation
080610 - Fresh,,30.00,30.00,1,,,,Russian Federation
080620 - Dried,,100.00,100.00,2,,,,Russian Federation
080711 -- Watermelons,,30.00,30.00,1,,,,Russian Federation
080719 -- Other,,30.00,30.00,1,,,,Russian Federation
080720 - Papaws (papayas),,30.00,30.00,1,,,,Russian Federation
080810 - Apples,,50.00,50.00,1,,,,Russian Federation
080820 - Pears and quinces,,30.00,30.00,1,,,,Russian Federation
080910 - Apricots,,30.00,30.00,1,,,,Russian Federation
080920 - Cherries,,30.00,30.00,1,,,,Russian Federation
"080930 - Peaches, including nectarines",,30.00,30.00,1,,,,Russian Federation
080940 - Plums and sloes,,25.00,25.00,1,,,,Russian Federation
081010 - Strawberries,,30.00,30.00,1,,,,Russian Federation
"081020 - Raspberries, blackberries, mulberries and loganberries",,30.00,30.00,1,,,,Russian Federation
"081040 - Cranberries, bilberries and other fruits of the genus Vaccinium",,30.00,30.00,1,,,,Russian Federation
081050 - Kiwifruit,,30.00,30.00,1,,,,Russian Federation
081060 - Durians,,15.00,15.00,1,,,,Russian Federation
081090 - Other,,15.00,15.00,7,,,,Russian Federation
081110 - Strawberries,,30.00,30.00,3,,,,Russian Federation
"081120 - Raspberries, blackberries, mulberries, loganberries, black, white or red currants and gooseberries",,30.00,30.00,3,,,,Russian Federation
081190 - Other,,30.00,30.00,2,,,,Russian Federation
081210 - Cherries,,30.00,30.00,1,,,,Russian Federation
081290 - Other,,30.00,30.00,2,,,,Russian Federation
081310 - Apricots,,30.00,30.00,1,,,,Russian Federation
081320 - Prunes,,25.00,25.00,1,,,,Russian Federation
081330 - Apples,,30.00,30.00,1,,,,Russian Federation
081340 - Other fruit,,30.00,30.00,3,,,,Russian Federation
081350 - Mixtures of nuts or dried fruits of this Chapter,,30.00,30.00,2,,,,Russian Federation
"081400 Peel of citrus fruit or melons (including watermelons), fresh, frozen, dried or provisionally preserved in brine, in sulphur water or in other preservative solutions.",,30.00,30.00,1,,,,Russian Federation
,2009,,38.00,38.00,87,2,,,Russian Federation
080111 -- Desiccated,,70.00,70.00,1,,,,Russian Federation
080119 -- Other,,70.00,70.00,3,,,,Russian Federation
080121 -- In shell,,30.00,30.00,1,,,,Russian Federation
080122 -- Shelled,,30.00,30.00,1,,,,Russian Federation
080131 -- In shell,,30.00,30.00,1,,,,Russian Federation
080132 -- Shelled,,30.00,30.00,3,,,,Russian Federation
080211 -- In shell,,,,1,1,,,Russian Federation
080212 -- Shelled,,,,1,1,,,Russian Federation
080221 -- In shell,,30.00,30.00,1,,,,Russian Federation
080222 -- Shelled,,30.00,30.00,1,,,,Russian Federation
080231 -- In shell,,30.00,30.00,1,,,,Russian Federation
080232 -- Shelled,,30.00,30.00,1,,,,Russian Federation
080240 - Chestnuts (Castanea spp.),,30.00,30.00,1,,,,Russian Federation
080250 - Pistachios,,30.00,30.00,1,,,,Russian Federation
080260 - Macadamia nuts,,30.00,30.00,1,,,,Russian Federation
080290 - Other,,100.00,100.00,5,,,,Russian Federation
"080300 Bananas, including plantains, fresh or dried.",,30.00,30.00,1,,,,Russian Federation
080410 - Dates,,30.00,30.00,4,,,,Russian Federation
080420 - Figs,,30.00,30.00,2,,,,Russian Federation
080430 - Pineapples,,30.00,30.00,1,,,,Russian Federation
080440 - Avocados,,30.00,30.00,1,,,,Russian Federation
"080450 - Guavas, mangoes and mangosteens",,30.00,30.00,5,,,,Russian Federation
080510 - Oranges,,40.00,40.00,1,,,,Russian Federation
"080520 - Mandarins (including tangerines and satsumas); clementines, wilkings and similar citrus hybrids",,30.00,30.00,1,,,,Russian Federation
"080540 - Grapefruit, including pomelos",,25.00,25.00,1,,,,Russian Federation
"080550 - Lemons (Citrus limon, Citrus limonum) and limes (Citrus aurantifolia, Citrus latifolia)",,40.00,40.00,1,,,,Russian Federation
080590 - Other,,30.00,30.00,1,,,,Russian Federation
080610 - Fresh,,40.00,40.00,1,,,,Russian Federation
080620 - Dried,,95.00,95.00,2,,,,Russian Federation
080711 -- Watermelons,,30.00,30.00,1,,,,Russian Federation
080719 -- Other,,30.00,30.00,1,,,,Russian Federation
080720 - Papaws (papayas),,30.00,30.00,1,,,,Russian Federation
080810 - Apples,,50.00,50.00,1,,,,Russian Federation
080820 - Pears and quinces,,35.00,35.00,1,,,,Russian Federation
080910 - Apricots,,30.00,30.00,1,,,,Russian Federation
080920 - Cherries,,30.00,30.00,1,,,,Russian Federation
"080930 - Peaches, including nectarines",,30.00,30.00,1,,,,Russian Federation
080940 - Plums and sloes,,25.00,25.00,1,,,,Russian Federation
081010 - Strawberries,,30.00,30.00,1,,,,Russian Federation
"081020 - Raspberries, blackberries, mulberries and loganberries",,30.00,30.00,1,,,,Russian Federation
"081040 - Cranberries, bilberries and other fruits of the genus Vaccinium",,30.00,30.00,1,,,,Russian Federation
081050 - Kiwifruit,,30.00,30.00,1,,,,Russian Federation
081060 - Durians,,30.00,30.00,1,,,,Russian Federation
081090 - Other,,30.00,30.00,7,,,,Russian Federation
081110 - Strawberries,,30.00,30.00,3,,,,Russian Federation
"081120 - Raspberries, blackberries, mulberries, loganberries, black, white or red currants and gooseberries",,30.00,30.00,3,,,,Russian Federation
081190 - Other,,30.00,30.00,2,,,,Russian Federation
081210 - Cherries,,30.00,30.00,1,,,,Russian Federation
081290 - Other,,30.00,30.00,2,,,,Russian Federation
081310 - Apricots,,30.00,30.00,1,,,,Russian Federation
081320 - Prunes,,25.00,25.00,1,,,,Russian Federation
081330 - Apples,,30.00,30.00,1,,,,Russian Federation
081340 - Other fruit,,30.00,30.00,3,,,,Russian Federation
081350 - Mixtures of nuts or dried fruits of this Chapter,,30.00,30.00,2,,,,Russian Federation
"081400 Peel of citrus fruit or melons (including watermelons), fresh, frozen, dried or provisionally preserved in brine, in sulphur water or in other preservative solutions.",,30.00,30.00,1,,,,Russian Federation
,2008,,35.12,35.12,87,2,,,Russian Federation
080111 -- Desiccated,,70.00,70.00,1,,,,Russian Federation
080119 -- Other,,70.00,70.00,3,,,,Russian Federation
080121 -- In shell,,30.00,30.00,1,,,,Russian Federation
080122 -- Shelled,,30.00,30.00,1,,,,Russian Federation
080131 -- In shell,,0.00,0.00,1,,,,Russian Federation
080132 -- Shelled,,30.00,30.00,3,,,,Russian Federation
080211 -- In shell,,,,1,1,,,Russian Federation
080212 -- Shelled,,,,1,1,,,Russian Federation
080221 -- In shell,,30.00,30.00,1,,,,Russian Federation
080222 -- Shelled,,30.00,30.00,1,,,,Russian Federation
080231 -- In shell,,30.00,30.00,1,,,,Russian Federation
080232 -- Shelled,,30.00,30.00,1,,,,Russian Federation
080240 - Chestnuts (Castanea spp.),,30.00,30.00,1,,,,Russian Federation
080250 - Pistachios,,30.00,30.00,1,,,,Russian Federation
080260 - Macadamia nuts,,30.00,30.00,1,,,,Russian Federation
080290 - Other,,86.00,86.00,5,,,,Russian Federation
"080300 Bananas, including plantains, fresh or dried.",,30.00,30.00,1,,,,Russian Federation
080410 - Dates,,30.00,30.00,4,,,,Russian Federation
080420 - Figs,,30.00,30.00,2,,,,Russian Federation
080430 - Pineapples,,30.00,30.00,1,,,,Russian Federation
080440 - Avocados,,30.00,30.00,1,,,,Russian Federation
"080450 - Guavas, mangoes and mangosteens",,30.00,30.00,5,,,,Russian Federation
080510 - Oranges,,30.00,30.00,1,,,,Russian Federation
"080520 - Mandarins (including tangerines and satsumas); clementines, wilkings and similar citrus hybrids",,30.00,30.00,1,,,,Russian Federation
"080540 - Grapefruit, including pomelos",,25.00,25.00,1,,,,Russian Federation
"080550 - Lemons (Citrus limon, Citrus limonum) and limes (Citrus aurantifolia, Citrus latifolia)",,30.00,30.00,1,,,,Russian Federation
080590 - Other,,30.00,30.00,1,,,,Russian Federation
080610 - Fresh,,30.00,30.00,1,,,,Russian Federation
080620 - Dried,,100.00,100.00,2,,,,Russian Federation
080711 -- Watermelons,,30.00,30.00,1,,,,Russian Federation
080719 -- Other,,30.00,30.00,1,,,,Russian Federation
080720 - Papaws (papayas),,30.00,30.00,1,,,,Russian Federation
080810 - Apples,,50.00,50.00,1,,,,Russian Federation
080820 - Pears and quinces,,30.00,30.00,1,,,,Russian Federation
080910 - Apricots,,30.00,30.00,1,,,,Russian Federation
080920 - Cherries,,30.00,30.00,1,,,,Russian Federation
"080930 - Peaches, including nectarines",,30.00,30.00,1,,,,Russian Federation
080940 - Plums and sloes,,25.00,25.00,1,,,,Russian Federation
081010 - Strawberries,,30.00,30.00,1,,,,Russian Federation
"081020 - Raspberries, blackberries, mulberries and loganberries",,30.00,30.00,1,,,,Russian Federation
"081040 - Cranberries, bilberries and other fruits of the genus Vaccinium",,30.00,30.00,1,,,,Russian Federation
081050 - Kiwifruit,,30.00,30.00,1,,,,Russian Federation
081060 - Durians,,15.00,15.00,1,,,,Russian Federation
081090 - Other,,15.00,15.00,7,,,,Russian Federation
081110 - Strawberries,,30.00,30.00,3,,,,Russian Federation
"081120 - Raspberries, blackberries, mulberries, loganberries, black, white or red currants and gooseberries",,30.00,30.00,3,,,,Russian Federation
081190 - Other,,30.00,30.00,2,,,,Russian Federation
081210 - Cherries,,30.00,30.00,1,,,,Russian Federation
081290 - Other,,30.00,30.00,2,,,,Russian Federation
081310 - Apricots,,30.00,30.00,1,,,,Russian Federation
081320 - Prunes,,25.00,25.00,1,,,,Russian Federation
081330 - Apples,,30.00,30.00,1,,,,Russian Federation
081340 - Other fruit,,30.00,30.00,3,,,,Russian Federation
081350 - Mixtures of nuts or dried fruits of this Chapter,,30.00,30.00,2,,,,Russian Federation
"081400 Peel of citrus fruit or melons (including watermelons), fresh, frozen, dried or provisionally preserved in brine, in sulphur water or in other preservative solutions.",,30.00,30.00,1,,,,Russian Federation
,2007,,32.18,32.18,87,2,,,Russian Federation
080111 -- Desiccated,,70.00,70.00,1,,,,Russian Federation
080119 -- Other,,70.00,70.00,3,,,,Russian Federation
080121 -- In shell,,30.00,30.00,1,,,,Russian Federation
080122 -- Shelled,,30.00,30.00,1,,,,Russian Federation
080131 -- In shell,,30.00,30.00,1,,,,Russian Federation
080132 -- Shelled,,30.00,30.00,3,,,,Russian Federation
080211 -- In shell,,,,1,1,,,Russian Federation
080212 -- Shelled,,,,1,1,,,Russian Federation
080221 -- In shell,,30.00,30.00,1,,,,Russian Federation
080222 -- Shelled,,30.00,30.00,1,,,,Russian Federation
080231 -- In shell,,30.00,30.00,1,,,,Russian Federation
080232 -- Shelled,,30.00,30.00,1,,,,Russian Federation
080240 - Chestnuts (Castanea spp.),,30.00,30.00,1,,,,Russian Federation
080250 - Pistachios,,30.00,30.00,1,,,,Russian Federation
080260 - Macadamia nuts,,30.00,30.00,1,,,,Russian Federation
080290 - Other,,30.00,30.00,5,,,,Russian Federation
"080300 Bananas, including plantains, fresh or dried.",,30.00,30.00,1,,,,Russian Federation
080410 - Dates,,30.00,30.00,4,,,,Russian Federation
080420 - Figs,,30.00,30.00,2,,,,Russian Federation
080430 - Pineapples,,30.00,30.00,1,,,,Russian Federation
080440 - Avocados,,30.00,30.00,1,,,,Russian Federation
"080450 - Guavas, mangoes and mangosteens",,30.00,30.00,5,,,,Russian Federation
080510 - Oranges,,30.00,30.00,1,,,,Russian Federation
"080520 - Mandarins (including tangerines and satsumas); clementines, wilkings and similar citrus hybrids",,30.00,30.00,1,,,,Russian Federation
"080540 - Grapefruit, including pomelos",,25.00,25.00,1,,,,Russian Federation
"080550 - Lemons (Citrus limon, Citrus limonum) and limes (Citrus aurantifolia, Citrus latifolia)",,30.00,30.00,1,,,,Russian Federation
080590 - Other,,30.00,30.00,1,,,,Russian Federation
080610 - Fresh,,30.00,30.00,1,,,,Russian Federation
080620 - Dried,,100.00,100.00,2,,,,Russian Federation
080711 -- Watermelons,,30.00,30.00,1,,,,Russian Federation
080719 -- Other,,30.00,30.00,1,,,,Russian Federation
080720 - Papaws (papayas),,30.00,30.00,1,,,,Russian Federation
080810 - Apples,,50.00,50.00,1,,,,Russian Federation
080820 - Pears and quinces,,30.00,30.00,1,,,,Russian Federation
080910 - Apricots,,30.00,30.00,1,,,,Russian Federation
080920 - Cherries,,30.00,30.00,1,,,,Russian Federation
"080930 - Peaches, including nectarines",,30.00,30.00,1,,,,Russian Federation
080940 - Plums and sloes,,25.00,25.00,1,,,,Russian Federation
081010 - Strawberries,,30.00,30.00,1,,,,Russian Federation
"081020 - Raspberries, blackberries, mulberries and loganberries",,30.00,30.00,1,,,,Russian Federation
"081040 - Cranberries, bilberries and other fruits of the genus Vaccinium",,30.00,30.00,1,,,,Russian Federation
081050 - Kiwifruit,,30.00,30.00,1,,,,Russian Federation
081060 - Durians,,15.00,15.00,1,,,,Russian Federation
081090 - Other,,15.00,15.00,7,,,,Russian Federation
081110 - Strawberries,,30.00,30.00,3,,,,Russian Federation
"081120 - Raspberries, blackberries, mulberries, loganberries, black, white or red currants and gooseberries",,30.00,30.00,3,,,,Russian Federation
081190 - Other,,30.00,30.00,2,,,,Russian Federation
081210 - Cherries,,30.00,30.00,1,,,,Russian Federation
081290 - Other,,30.00,30.00,2,,,,Russian Federation
081310 - Apricots,,30.00,30.00,1,,,,Russian Federation
081320 - Prunes,,25.00,25.00,1,,,,Russian Federation
081330 - Apples,,30.00,30.00,1,,,,Russian Federation
081340 - Other fruit,,30.00,30.00,3,,,,Russian Federation
081350 - Mixtures of nuts or dried fruits of this Chapter,,30.00,30.00,2,,,,Russian Federation
"081400 Peel of citrus fruit or melons (including watermelons), fresh, frozen, dried or provisionally preserved in brine, in sulphur water or in other preservative solutions.",,30.00,30.00,1,,,,Russian Federation
,2006,,35.12,35.12,87,2,,,Russian Federation
080111 -- Dessicated,,70.00,70.00,1,,,,Russian Federation
080119 -- Other,,70.00,70.00,3,,,,Russian Federation
080121 -- In shell,,30.00,30.00,1,,,,Russian Federation
080122 -- Shelled,,30.00,30.00,1,,,,Russian Federation
080131 -- In shell,,0.00,0.00,1,,,,Russian Federation
080132 -- Shelled,,30.00,30.00,3,,,,Russian Federation
080211 -- In shell,,,,1,1,,,Russian Federation
080212 -- Shelled,,,,1,1,,,Russian Federation
080221 -- In shell,,30.00,30.00,1,,,,Russian Federation
080222 -- Shelled,,30.00,30.00,1,,,,Russian Federation
080231 -- In shell,,30.00,30.00,1,,,,Russian Federation
080232 -- Shelled,,30.00,30.00,1,,,,Russian Federation
080240 - Chestnuts (Castanea spp.),,30.00,30.00,1,,,,Russian Federation
080250 - Pistachios,,30.00,30.00,1,,,,Russian Federation
080290 - Other,,86.00,86.00,5,,,,Russian Federation
"080300 Bananas, including plantains, fresh or dried.",,30.00,30.00,1,,,,Russian Federation
080410 - Dates,,30.00,30.00,4,,,,Russian Federation
080420 - Figs,,30.00,30.00,2,,,,Russian Federation
080430 - Pineapples,,30.00,30.00,1,,,,Russian Federation
080440 - Avocados,,30.00,30.00,1,,,,Russian Federation
"080450 - Guavas, mangoes and mangosteens",,30.00,30.00,5,,,,Russian Federation
080510 - Oranges,,30.00,30.00,1,,,,Russian Federation
"080520 - Mandarins (including tangerines and satsumas); clementines, wilkings and similar citrus hybrids",,30.00,30.00,1,,,,Russian Federation
080540 - Grapefruit,,25.00,25.00,1,,,,Russian Federation
"080550 - Lemons (Citrus limon, Citrus limonum) and limes (Citrus aurantifolia, Citrus latifolia)",,30.00,30.00,1,,,,Russian Federation
080590 - Other,,30.00,30.00,1,,,,Russian Federation
080610 - Fresh,,30.00,30.00,1,,,,Russian Federation
080620 - Dried,,100.00,100.00,2,,,,Russian Federation
080711 -- Watermelons,,30.00,30.00,1,,,,Russian Federation
080719 -- Other,,30.00,30.00,1,,,,Russian Federation
080720 - Papaws (papayas),,30.00,30.00,1,,,,Russian Federation
080810 - Apples,,50.00,50.00,1,,,,Russian Federation
080820 - Pears and quinces,,30.00,30.00,1,,,,Russian Federation
080910 - Apricots,,30.00,30.00,1,,,,Russian Federation
080920 - Cherries,,30.00,30.00,1,,,,Russian Federation
"080930 - Peaches, including nectarines",,30.00,30.00,1,,,,Russian Federation
080940 - Plums and sloes,,25.00,25.00,1,,,,Russian Federation
081010 - Strawberries,,30.00,30.00,1,,,,Russian Federation
"081020 - Raspberries, blackberries, mulberries and loganberries",,30.00,30.00,1,,,,Russian Federation
"081030 - Black, white or red currants and gooseberries",,30.00,30.00,1,,,,Russian Federation
"081040 - Cranberries, bilberries and other fruits of the genus Vaccinium",,30.00,30.00,1,,,,Russian Federation
081050 - Kiwifruit,,30.00,30.00,1,,,,Russian Federation
081060 - Durians,,15.00,15.00,1,,,,Russian Federation
081090 - Other,,15.00,15.00,7,,,,Russian Federation
081110 - Strawberries,,30.00,30.00,3,,,,Russian Federation
"081120 - Raspberries, blackberries, mulberries, loganberries, black, white or red currants and gooseberries",,30.00,30.00,3,,,,Russian Federation
081190 - Other,,30.00,30.00,2,,,,Russian Federation
081210 - Cherries,,30.00,30.00,1,,,,Russian Federation
081290 - Other,,30.00,30.00,2,,,,Russian Federation
081310 - Apricots,,30.00,30.00,1,,,,Russian Federation
081320 - Prunes,,25.00,25.00,1,,,,Russian Federation
081330 - Apples,,30.00,30.00,1,,,,Russian Federation
081340 - Other fruit,,30.00,30.00,3,,,,Russian Federation
081350 - Mixtures of nuts or dried fruits of this Chapter,,30.00,30.00,2,,,,Russian Federation
"081400 Peel of citrus fruit or melons (including watermelons), fresh, frozen, dried or provisionally preserved in brine, in sulphur water or in other preservative solutions.",,30.00,30.00,1,,,,Russian Federation
,2005,,38.24,38.24,87,2,,,Russian Federation
080111 -- Dessicated,,70.00,70.00,1,,,,Russian Federation
080119 -- Other,,70.00,70.00,3,,,,Russian Federation
080121 -- In shell,,30.00,30.00,1,,,,Russian Federation
080122 -- Shelled,,30.00,30.00,1,,,,Russian Federation
080131 -- In shell,,30.00,30.00,1,,,,Russian Federation
080132 -- Shelled,,30.00,30.00,3,,,,Russian Federation
080211 -- In shell,,,,1,1,,,Russian Federation
080212 -- Shelled,,,,1,1,,,Russian Federation
080221 -- In shell,,30.00,30.00,1,,,,Russian Federation
080222 -- Shelled,,30.00,30.00,1,,,,Russian Federation
080231 -- In shell,,30.00,30.00,1,,,,Russian Federation
080232 -- Shelled,,30.00,30.00,1,,,,Russian Federation
080240 - Chestnuts (Castanea spp.),,30.00,30.00,1,,,,Russian Federation
080250 - Pistachios,,30.00,30.00,1,,,,Russian Federation
080290 - Other,,100.00,100.00,5,,,,Russian Federation
"080300 Bananas, including plantains, fresh or dried.",,30.00,30.00,1,,,,Russian Federation
080410 - Dates,,30.00,30.00,4,,,,Russian Federation
080420 - Figs,,30.00,30.00,2,,,,Russian Federation
080430 - Pineapples,,30.00,30.00,1,,,,Russian Federation
080440 - Avocados,,30.00,30.00,1,,,,Russian Federation
"080450 - Guavas, mangoes and mangosteens",,30.00,30.00,5,,,,Russian Federation
080510 - Oranges,,40.00,40.00,1,,,,Russian Federation
"080520 - Mandarins (including tangerines and satsumas); clementines, wilkings and similar citrus hybrids",,30.00,30.00,1,,,,Russian Federation
080540 - Grapefruit,,25.00,25.00,1,,,,Russian Federation
"080550 - Lemons (Citrus limon, Citrus limonum) and limes (Citrus aurantifolia, Citrus latifolia)",,40.00,40.00,1,,,,Russian Federation
080590 - Other,,30.00,30.00,1,,,,Russian Federation
080610 - Fresh,,40.00,40.00,1,,,,Russian Federation
080620 - Dried,,105.00,105.00,2,,,,Russian Federation
080711 -- Watermelons,,30.00,30.00,1,,,,Russian Federation
080719 -- Other,,30.00,30.00,1,,,,Russian Federation
080720 - Papaws (papayas),,30.00,30.00,1,,,,Russian Federation
080810 - Apples,,50.00,50.00,1,,,,Russian Federation
080820 - Pears and quinces,,35.00,35.00,1,,,,Russian Federation
080910 - Apricots,,30.00,30.00,1,,,,Russian Federation
080920 - Cherries,,30.00,30.00,1,,,,Russian Federation
"080930 - Peaches, including nectarines",,30.00,30.00,1,,,,Russian Federation
080940 - Plums and sloes,,25.00,25.00,1,,,,Russian Federation
081010 - Strawberries,,30.00,30.00,1,,,,Russian Federation
"081020 - Raspberries, blackberries, mulberries and loganberries",,30.00,30.00,1,,,,Russian Federation
"081030 - Black, white or red currants and gooseberries",,30.00,30.00,1,,,,Russian Federation
"081040 - Cranberries, bilberries and other fruits of the genus Vaccinium",,30.00,30.00,1,,,,Russian Federation
081050 - Kiwifruit,,30.00,30.00,1,,,,Russian Federation
081060 - Durians,,30.00,30.00,1,,,,Russian Federation
081090 - Other,,30.00,30.00,7,,,,Russian Federation
081110 - Strawberries,,30.00,30.00,3,,,,Russian Federation
"081120 - Raspberries, blackberries, mulberries, loganberries, black, white or red currants and gooseberries",,30.00,30.00,3,,,,Russian Federation
081190 - Other,,30.00,30.00,2,,,,Russian Federation
081210 - Cherries,,30.00,30.00,1,,,,Russian Federation
081290 - Other,,30.00,30.00,2,,,,Russian Federation
081310 - Apricots,,30.00,30.00,1,,,,Russian Federation
081320 - Prunes,,25.00,25.00,1,,,,Russian Federation
081330 - Apples,,30.00,30.00,1,,,,Russian Federation
081340 - Other fruit,,30.00,30.00,3,,,,Russian Federation
081350 - Mixtures of nuts or dried fruits of this Chapter,,30.00,30.00,2,,,,Russian Federation
"081400 Peel of citrus fruit or melons (including watermelons), fresh, frozen, dried or provisionally preserved in brine, in sulphur water or in other preservative solutions.",,30.00,30.00,1,,,,Russian Federation
,2004,,38.12,38.12,87,2,,,Russian Federation
080111 -- Dessicated,,70.00,70.00,1,,,,Russian Federation
080119 -- Other,,70.00,70.00,3,,,,Russian Federation
080121 -- In shell,,30.00,30.00,1,,,,Russian Federation
080122 -- Shelled,,30.00,30.00,1,,,,Russian Federation
080131 -- In shell,,30.00,30.00,1,,,,Russian Federation
080132 -- Shelled,,30.00,30.00,3,,,,Russian Federation
080211 -- In shell,,,,1,1,,,Russian Federation
080212 -- Shelled,,,,1,1,,,Russian Federation
080221 -- In shell,,30.00,30.00,1,,,,Russian Federation
080222 -- Shelled,,30.00,30.00,1,,,,Russian Federation
080231 -- In shell,,30.00,30.00,1,,,,Russian Federation
080232 -- Shelled,,30.00,30.00,1,,,,Russian Federation
080240 - Chestnuts (Castanea spp.),,30.00,30.00,1,,,,Russian Federation
080250 - Pistachios,,30.00,30.00,1,,,,Russian Federation
080290 - Other,,100.00,100.00,5,,,,Russian Federation
"080300 Bananas, including plantains, fresh or dried.",,30.00,30.00,1,,,,Russian Federation
080410 - Dates,,30.00,30.00,4,,,,Russian Federation
080420 - Figs,,30.00,30.00,2,,,,Russian Federation
080430 - Pineapples,,30.00,30.00,1,,,,Russian Federation
080440 - Avocados,,30.00,30.00,1,,,,Russian Federation
"080450 - Guavas, mangoes and mangosteens",,30.00,30.00,5,,,,Russian Federation
080510 - Oranges,,40.00,40.00,1,,,,Russian Federation
"080520 - Mandarins (including tangerines and satsumas); clementines, wilkings and similar citrus hybrids",,30.00,30.00,1,,,,Russian Federation
080540 - Grapefruit,,25.00,25.00,1,,,,Russian Federation
"080550 - Lemons (Citrus limon, Citrus limonum) and limes (Citrus aurantifolia, Citrus latifolia)",,40.00,40.00,1,,,,Russian Federation
080590 - Other,,30.00,30.00,1,,,,Russian Federation
080610 - Fresh,,40.00,40.00,1,,,,Russian Federation
080620 - Dried,,100.00,100.00,2,,,,Russian Federation
080711 -- Watermelons,,30.00,30.00,1,,,,Russian Federation
080719 -- Other,,30.00,30.00,1,,,,Russian Federation
080720 - Papaws (papayas),,30.00,30.00,1,,,,Russian Federation
080810 - Apples,,50.00,50.00,1,,,,Russian Federation
080820 - Pears and quinces,,35.00,35.00,1,,,,Russian Federation
080910 - Apricots,,30.00,30.00,1,,,,Russian Federation
080920 - Cherries,,30.00,30.00,1,,,,Russian Federation
"080930 - Peaches, including nectarines",,30.00,30.00,1,,,,Russian Federation
080940 - Plums and sloes,,25.00,25.00,1,,,,Russian Federation
081010 - Strawberries,,30.00,30.00,1,,,,Russian Federation
"081020 - Raspberries, blackberries, mulberries and loganberries",,30.00,30.00,1,,,,Russian Federation
"081030 - Black, white or red currants and gooseberries",,30.00,30.00,1,,,,Russian Federation
"081040 - Cranberries, bilberries and other fruits of the genus Vaccinium",,30.00,30.00,1,,,,Russian Federation
081050 - Kiwifruit,,30.00,30.00,1,,,,Russian Federation
081060 - Durians,,30.00,30.00,1,,,,Russian Federation
081090 - Other,,30.00,30.00,7,,,,Russian Federation
081110 - Strawberries,,30.00,30.00,3,,,,Russian Federation
"081120 - Raspberries, blackberries, mulberries, loganberries, black, white or red currants and gooseberries",,30.00,30.00,3,,,,Russian Federation
081190 - Other,,30.00,30.00,2,,,,Russian Federation
081210 - Cherries,,30.00,30.00,1,,,,Russian Federation
081290 - Other,,30.00,30.00,2,,,,Russian Federation
081310 - Apricots,,30.00,30.00,1,,,,Russian Federation
081320 - Prunes,,25.00,25.00,1,,,,Russian Federation
081330 - Apples,,30.00,30.00,1,,,,Russian Federation
081340 - Other fruit,,30.00,30.00,3,,,,Russian Federation
081350 - Mixtures of nuts or dried fruits of this Chapter,,30.00,30.00,2,,,,Russian Federation
"081400 Peel of citrus fruit or melons (including watermelons), fresh, frozen, dried or provisionally preserved in brine, in sulphur water or in other preservative solutions.",,30.00,30.00,1,,,,Russian Federation
,2003,,38.12,38.12,87,2,,,Russian Federation
080111 -- Dessicated,,70.00,70.00,1,,,,Russian Federation
080119 -- Other,,70.00,70.00,3,,,,Russian Federation
080121 -- In shell,,30.00,30.00,1,,,,Russian Federation
080122 -- Shelled,,30.00,30.00,1,,,,Russian Federation
080131 -- In shell,,30.00,30.00,1,,,,Russian Federation
080132 -- Shelled,,30.00,30.00,3,,,,Russian Federation
080211 -- In shell,,,,1,1,,,Russian Federation
080212 -- Shelled,,,,1,1,,,Russian Federation
080221 -- In shell,,30.00,30.00,1,,,,Russian Federation
080222 -- Shelled,,30.00,30.00,1,,,,Russian Federation
080231 -- In shell,,30.00,30.00,1,,,,Russian Federation
080232 -- Shelled,,30.00,30.00,1,,,,Russian Federation
080240 - Chestnuts (Castanea spp.),,30.00,30.00,1,,,,Russian Federation
080250 - Pistachios,,30.00,30.00,1,,,,Russian Federation
080290 - Other,,100.00,100.00,5,,,,Russian Federation
"080300 Bananas, including plantains, fresh or dried.",,30.00,30.00,1,,,,Russian Federation
080410 - Dates,,30.00,30.00,4,,,,Russian Federation
080420 - Figs,,30.00,30.00,2,,,,Russian Federation
080430 - Pineapples,,30.00,30.00,1,,,,Russian Federation
080440 - Avocados,,30.00,30.00,1,,,,Russian Federation
"080450 - Guavas, mangoes and mangosteens",,30.00,30.00,5,,,,Russian Federation
080510 - Oranges,,40.00,40.00,1,,,,Russian Federation
"080520 - Mandarins (including tangerines and satsumas); clementines, wilkings and similar citrus hybrids",,30.00,30.00,1,,,,Russian Federation
080540 - Grapefruit,,25.00,25.00,1,,,,Russian Federation
"080550 - Lemons (Citrus limon, Citrus limonum) and limes (Citrus aurantifolia, Citrus latifolia)",,40.00,40.00,1,,,,Russian Federation
080590 - Other,,30.00,30.00,1,,,,Russian Federation
080610 - Fresh,,40.00,40.00,1,,,,Russian Federation
080620 - Dried,,100.00,100.00,2,,,,Russian Federation
080711 -- Watermelons,,30.00,30.00,1,,,,Russian Federation
080719 -- Other,,30.00,30.00,1,,,,Russian Federation
080720 - Papaws (papayas),,30.00,30.00,1,,,,Russian Federation
080810 - Apples,,50.00,50.00,1,,,,Russian Federation
080820 - Pears and quinces,,35.00,35.00,1,,,,Russian Federation
080910 - Apricots,,30.00,30.00,1,,,,Russian Federation
080920 - Cherries,,30.00,30.00,1,,,,Russian Federation
"080930 - Peaches, including nectarines",,30.00,30.00,1,,,,Russian Federation
080940 - Plums and sloes,,25.00,25.00,1,,,,Russian Federation
081010 - Strawberries,,30.00,30.00,1,,,,Russian Federation
"081020 - Raspberries, blackberries, mulberries and loganberries",,30.00,30.00,1,,,,Russian Federation
"081030 - Black, white or red currants and gooseberries",,30.00,30.00,1,,,,Russian Federation
"081040 - Cranberries, bilberries and other fruits of the genus Vaccinium",,30.00,30.00,1,,,,Russian Federation
081050 - Kiwifruit,,30.00,30.00,1,,,,Russian Federation
081060 - Durians,,30.00,30.00,1,,,,Russian Federation
081090 - Other,,30.00,30.00,7,,,,Russian Federation
081110 - Strawberries,,30.00,30.00,3,,,,Russian Federation
"081120 - Raspberries, blackberries, mulberries, loganberries, black, white or red currants and gooseberries",,30.00,30.00,3,,,,Russian Federation
081190 - Other,,30.00,30.00,2,,,,Russian Federation
081210 - Cherries,,30.00,30.00,1,,,,Russian Federation
081290 - Other,,30.00,30.00,2,,,,Russian Federation
081310 - Apricots,,30.00,30.00,1,,,,Russian Federation
081320 - Prunes,,25.00,25.00,1,,,,Russian Federation
081330 - Apples,,30.00,30.00,1,,,,Russian Federation
081340 - Other fruit,,30.00,30.00,3,,,,Russian Federation
081350 - Mixtures of nuts or dried fruits of this Chapter,,30.00,30.00,2,,,,Russian Federation
"081400 Peel of citrus fruit or melons (including watermelons), fresh, frozen, dried or provisionally preserved in brine, in sulphur water or in other preservative solutions.",,30.00,30.00,1,,,,Russian Federation
,2002,"10,151",35.28,35.28,55,2,,,Russian Federation
080111 -- Dessicated,,70.00,70.00,1,,,,Russian Federation
080119 -- Other,,70.00,70.00,1,,,,Russian Federation
080121 -- In shell,,30.00,30.00,1,,,,Russian Federation
080122 -- Shelled,,30.00,30.00,1,,,,Russian Federation
080131 -- In shell,,35.00,35.00,1,,,,Russian Federation
080132 -- Shelled,,30.00,30.00,1,,,,Russian Federation
080211 -- In shell,,,,1,1,,,Russian Federation
080212 -- Shelled,,,,1,1,,,Russian Federation
080221 -- In shell,,30.00,30.00,1,,,,Russian Federation
080222 -- Shelled,,30.00,30.00,1,,,,Russian Federation
080231 -- In shell,,30.00,30.00,1,,,,Russian Federation
080232 -- Shelled,,30.00,30.00,1,,,,Russian Federation
080240 - Chestnuts (Castanea spp.),,30.00,30.00,1,,,,Russian Federation
080250 - Pistachios,,30.00,30.00,1,,,,Russian Federation
080290 - Other,,100.00,100.00,1,,,,Russian Federation
"080300 Bananas, including plantains, fresh or dried.",,30.00,30.00,1,,,,Russian Federation
080410 - Dates,,30.00,30.00,1,,,,Russian Federation
080420 - Figs,,30.00,30.00,1,,,,Russian Federation
080430 - Pineapples,,30.00,30.00,1,,,,Russian Federation
080440 - Avocados,,30.00,30.00,1,,,,Russian Federation
"080450 - Guavas, mangoes and mangosteens",,30.00,30.00,1,,,,Russian Federation
080510 - Oranges,,40.00,40.00,1,,,,Russian Federation
"080520 - Mandarins (including tangerines and satsumas); clementines, wilkings and similar citrus hybrids",,30.00,30.00,1,,,,Russian Federation
080540 - Grapefruit,,25.00,25.00,1,,,,Russian Federation
"080550 - Lemons (Citrus limon, Citrus limonum) and limes (Citrus aurantifolia, Citrus latifolia)",,40.00,40.00,1,,,,Russian Federation
080590 - Other,,30.00,30.00,1,,,,Russian Federation
080610 - Fresh,,40.00,40.00,1,,,,Russian Federation
080620 - Dried,,105.00,105.00,1,,,,Russian Federation
080711 -- Watermelons,,30.00,30.00,1,,,,Russian Federation
080719 -- Other,,30.00,30.00,1,,,,Russian Federation
080720 - Papaws (papayas),,30.00,30.00,1,,,,Russian Federation
080810 - Apples,,50.00,50.00,1,,,,Russian Federation
080820 - Pears and quinces,,35.00,35.00,1,,,,Russian Federation
080910 - Apricots,,30.00,30.00,1,,,,Russian Federation
080920 - Cherries,,30.00,30.00,1,,,,Russian Federation
"080930 - Peaches, including nectarines",,30.00,30.00,1,,,,Russian Federation
080940 - Plums and sloes,,25.00,25.00,1,,,,Russian Federation
081010 - Strawberries,,30.00,30.00,1,,,,Russian Federation
"081020 - Raspberries, blackberries, mulberries and loganberries",,30.00,30.00,1,,,,Russian Federation
"081030 - Black, white or red currants and gooseberries",,30.00,30.00,1,,,,Russian Federation
"081040 - Cranberries, bilberries and other fruits of the genus Vaccinium",,30.00,30.00,1,,,,Russian Federation
081050 - Kiwifruit,,30.00,30.00,1,,,,Russian Federation
081060 - Durians,,30.00,30.00,1,,,,Russian Federation
081090 - Other,,30.00,30.00,1,,,,Russian Federation
081110 - Strawberries,,30.00,30.00,1,,,,Russian Federation
"081120 - Raspberries, blackberries, mulberries, loganberries, black, white or red currants and gooseberries",,30.00,30.00,1,,,,Russian Federation
081190 - Other,,30.00,30.00,1,,,,Russian Federation
081210 - Cherries,,30.00,30.00,1,,,,Russian Federation
081290 - Other,,30.00,30.00,1,,,,Russian Federation
081310 - Apricots,"10,151",30.00,30.00,1,,,,Russian Federation
081320 - Prunes,,35.00,35.00,1,,,,Russian Federation
081330 - Apples,,30.00,30.00,1,,,,Russian Federation
081340 - Other fruit,,30.00,30.00,1,,,,Russian Federation
081350 - Mixtures of nuts or dried fruits of this Chapter,,30.00,30.00,1,,,,Russian Federation
"081400 Peel of citrus fruit or melons (including watermelons), fresh, frozen, dried or provisionally preserved in brine, in sulphur water or in other preservative solutions.",,30.00,30.00,1,,,,Russian Federation
,2001,,38.35,38.35,55,2,,,Russian Federation
080111 - - Desiccated,,70.00,70.00,1,,,,Russian Federation
080119 - - Other,,70.00,70.00,1,,,,Russian Federation
080121 - - In shell,,35.00,35.00,1,,,,Russian Federation
080122 - - Shelled,,35.00,35.00,1,,,,Russian Federation
080131 - - In shell,,35.00,35.00,1,,,,Russian Federation
080132 - - Shelled,,35.00,35.00,1,,,,Russian Federation
080211 - - In shell,,,,1,1,,,Russian Federation
080212 - - Shelled,,,,1,1,,,Russian Federation
080221 - - In shell,,35.00,35.00,1,,,,Russian Federation
080222 - - Shelled,,35.00,35.00,1,,,,Russian Federation
080231 - - In shell,,35.00,35.00,1,,,,Russian Federation
080232 - - Shelled,,35.00,35.00,1,,,,Russian Federation
080240 - Chestnuts (Castanea spp.),,35.00,35.00,1,,,,Russian Federation
080250 - Pistachios,,35.00,35.00,1,,,,Russian Federation
080290 - Other,,67.50,67.50,1,,,,Russian Federation
"080300 Bananas, including plantains, fresh or dried",,35.00,35.00,1,,,,Russian Federation
080410 - Dates,,35.00,35.00,1,,,,Russian Federation
080420 - Figs,,35.00,35.00,1,,,,Russian Federation
080430 - Pineapples,,35.00,35.00,1,,,,Russian Federation
080440 - Avocados,,35.00,35.00,1,,,,Russian Federation
"080450 - Guavas, mangoes and mangosteens",,35.00,35.00,1,,,,Russian Federation
080510 - Oranges,,40.00,40.00,1,,,,Russian Federation
"080520 - Mandarins (including tangerines and satsumas); clementines, wilkings and similar citrus hybrids",,35.00,35.00,1,,,,Russian Federation
"080530 - Lemons (Citrus limon, Citrus limonum) and limes (Citrus aurantifolia)",,40.00,40.00,1,,,,Russian Federation
080540 - Grapefruit,,25.00,25.00,1,,,,Russian Federation
080590 - Other,,35.00,35.00,1,,,,Russian Federation
080610 - Fresh,,35.00,35.00,1,,,,Russian Federation
080620 - Dried,,115.00,115.00,1,,,,Russian Federation
080711 - - Watermelons,,35.00,35.00,1,,,,Russian Federation
080719 - - Other,,35.00,35.00,1,,,,Russian Federation
080720 - Papaws (papayas),,35.00,35.00,1,,,,Russian Federation
080810 - Apples,,50.00,50.00,1,,,,Russian Federation
080820 - Pears and quinces,,35.00,35.00,1,,,,Russian Federation
080910 - Apricots,,35.00,35.00,1,,,,Russian Federation
080920 - Cherries,,35.00,35.00,1,,,,Russian Federation
"080930 - Peaches, including nectarines",,35.00,35.00,1,,,,Russian Federation
080940 - Plums and sloes,,25.00,25.00,1,,,,Russian Federation
081010 - Strawberries,,35.00,35.00,1,,,,Russian Federation
"081020 - Raspberries, blackberries, mulberries and loganberries",,35.00,35.00,1,,,,Russian Federation
"081030 - Black, white or red currants and gooseberries",,35.00,35.00,1,,,,Russian Federation
"081040 - Cranberries, bilberries and other fruits of the genus Vaccinium",,35.00,35.00,1,,,,Russian Federation
081050 - Kiwifruit,,35.00,35.00,1,,,,Russian Federation
081090 - Other,,35.00,35.00,1,,,,Russian Federation
081110 - Strawberries,,35.00,35.00,1,,,,Russian Federation
"081120 - Raspberries, blackberries, mulberries, loganberries, black, white or red currants and gooseberries",,35.00,35.00,1,,,,Russian Federation
081190 - Other,,35.00,35.00,1,,,,Russian Federation
081210 - Cherries,,35.00,35.00,1,,,,Russian Federation
081220 - Strawberries,,35.00,35.00,1,,,,Russian Federation
081290 - Other,,35.00,35.00,1,,,,Russian Federation
081310 - Apricots,,35.00,35.00,1,,,,Russian Federation
081320 - Prunes,,25.00,25.00,1,,,,Russian Federation
081330 - Apples,,35.00,35.00,1,,,,Russian Federation
081340 - Other fruit,,35.00,35.00,1,,,,Russian Federation
081350 - Mixtures of nuts or dried fruits of this Chapter,,35.00,35.00,1,,,,Russian Federation
"081400 Peel of citrus fruit or melons (including watermelons), fresh, frozen, dried or provisionally preserved in brine, in sulphur water or in other preservative solutions",,35.00,35.00,1,,,,Russian Federation
,2000,,38.29,38.29,55,2,,,Russian Federation
080111 - - Desiccated,,38.50,38.50,1,,,,Russian Federation
080119 - - Other,,38.50,38.50,1,,,,Russian Federation
080121 - - In shell,,38.50,38.50,1,,,,Russian Federation
080122 - - Shelled,,38.50,38.50,1,,,,Russian Federation
080131 - - In shell,,0.00,0.00,1,,,,Russian Federation
080132 - - Shelled,,44.00,44.00,1,,,,Russian Federation
080211 - - In shell,,,,1,1,,,Russian Federation
080212 - - Shelled,,,,1,1,,,Russian Federation
080221 - - In shell,,38.50,38.50,1,,,,Russian Federation
080222 - - Shelled,,38.50,38.50,1,,,,Russian Federation
080231 - - In shell,,38.50,38.50,1,,,,Russian Federation
080232 - - Shelled,,38.50,38.50,1,,,,Russian Federation
080240 - Chestnuts (Castanea spp.),,38.50,38.50,1,,,,Russian Federation
080250 - Pistachios,,38.50,38.50,1,,,,Russian Federation
080290 - Other,,38.50,38.50,1,,,,Russian Federation
"080300 Bananas, including plantains, fresh or dried",,38.50,38.50,1,,,,Russian Federation
080410 - Dates,,38.50,38.50,1,,,,Russian Federation
080420 - Figs,,38.50,38.50,1,,,,Russian Federation
080430 - Pineapples,,38.50,38.50,1,,,,Russian Federation
080440 - Avocados,,38.50,38.50,1,,,,Russian Federation
"080450 - Guavas, mangoes and mangosteens",,38.50,38.50,1,,,,Russian Federation
080510 - Oranges,,38.50,38.50,1,,,,Russian Federation
"080520 - Mandarins (including tangerines and satsumas); clementines, wilkings and similar citrus hybrids",,38.50,38.50,1,,,,Russian Federation
"080530 - Lemons (Citrus limon, Citrus limonum) and limes (Citrus aurantifolia)",,38.50,38.50,1,,,,Russian Federation
080540 - Grapefruit,,25.00,25.00,1,,,,Russian Federation
080590 - Other,,38.50,38.50,1,,,,Russian Federation
080610 - Fresh,,38.50,38.50,1,,,,Russian Federation
080620 - Dried,,115.00,115.00,1,,,,Russian Federation
080711 - - Watermelons,,38.50,38.50,1,,,,Russian Federation
080719 - - Other,,38.50,38.50,1,,,,Russian Federation
080720 - Papaws (papayas),,38.50,38.50,1,,,,Russian Federation
080810 - Apples,,50.00,50.00,1,,,,Russian Federation
080820 - Pears and quinces,,35.00,35.00,1,,,,Russian Federation
080910 - Apricots,,38.50,38.50,1,,,,Russian Federation
080920 - Cherries,,38.50,38.50,1,,,,Russian Federation
"080930 - Peaches, including nectarines",,38.50,38.50,1,,,,Russian Federation
080940 - Plums and sloes,,25.00,25.00,1,,,,Russian Federation
081010 - Strawberries,,38.50,38.50,1,,,,Russian Federation
"081020 - Raspberries, blackberries, mulberries and loganberries",,38.50,38.50,1,,,,Russian Federation
"081030 - Black, white or red currants and gooseberries",,38.50,38.50,1,,,,Russian Federation
"081040 - Cranberries, bilberries and other fruits of the genus Vaccinium",,38.50,38.50,1,,,,Russian Federation
081050 - Kiwifruit,,38.50,38.50,1,,,,Russian Federation
081090 - Other,,16.50,16.50,1,,,,Russian Federation
081110 - Strawberries,,38.50,38.50,1,,,,Russian Federation
"081120 - Raspberries, blackberries, mulberries, loganberries, black, white or red currants and gooseberries",,38.50,38.50,1,,,,Russian Federation
081190 - Other,,38.50,38.50,1,,,,Russian Federation
081210 - Cherries,,38.50,38.50,1,,,,Russian Federation
081220 - Strawberries,,38.50,38.50,1,,,,Russian Federation
081290 - Other,,38.50,38.50,1,,,,Russian Federation
081310 - Apricots,,38.50,38.50,1,,,,Russian Federation
081320 - Prunes,,25.00,25.00,1,,,,Russian Federation
081330 - Apples,,38.50,38.50,1,,,,Russian Federation
081340 - Other fruit,,38.50,38.50,1,,,,Russian Federation
081350 - Mixtures of nuts or dried fruits of this Chapter,,38.50,38.50,1,,,,Russian Federation
"081400 Peel of citrus fruit or melons (including watermelons), fresh, frozen, dried or provisionally preserved in brine, in sulphur water or in other preservative solutions",,38.50,38.50,1,,,,Russian Federation
,1999,705,46.26,46.26,55,2,,,Russian Federation
080111 - - Desiccated,,55.00,55.00,1,,,,Russian Federation
080119 - - Other,,44.00,44.00,1,,,,Russian Federation
080121 - - In shell,,44.00,44.00,1,,,,Russian Federation
080122 - - Shelled,,44.00,44.00,1,,,,Russian Federation
080131 - - In shell,,0.00,0.00,1,,,,Russian Federation
080132 - - Shelled,,44.00,44.00,1,,,,Russian Federation
080211 - - In shell,,,,1,1,,,Russian Federation
080212 - - Shelled,,,,1,1,,,Russian Federation
080221 - - In shell,,44.00,44.00,1,,,,Russian Federation
080222 - - Shelled,,44.00,44.00,1,,,,Russian Federation
080231 - - In shell,,44.00,44.00,1,,,,Russian Federation
080232 - - Shelled,,44.00,44.00,1,,,,Russian Federation
080240 - Chestnuts (Castanea spp.),,44.00,44.00,1,,,,Russian Federation
080250 - Pistachios,,44.00,44.00,1,,,,Russian Federation
080290 - Other,,44.00,44.00,1,,,,Russian Federation
"080300 Bananas, including plantains, fresh or dried",,44.00,44.00,1,,,,Russian Federation
080410 - Dates,,38.50,38.50,1,,,,Russian Federation
080420 - Figs,,44.00,44.00,1,,,,Russian Federation
080430 - Pineapples,,44.00,44.00,1,,,,Russian Federation
080440 - Avocados,,44.00,44.00,1,,,,Russian Federation
"080450 - Guavas, mangoes and mangosteens",,44.00,44.00,1,,,,Russian Federation
080510 - Oranges,,44.00,44.00,1,,,,Russian Federation
"080520 - Mandarins (including tangerines and satsumas); clementines, wilkings and similar citrus hybrids",,44.00,44.00,1,,,,Russian Federation
"080530 - Lemons (Citrus limon, Citrus limonum) and limes (Citrus aurantifolia)",,44.00,44.00,1,,,,Russian Federation
080540 - Grapefruit,,44.00,44.00,1,,,,Russian Federation
080590 - Other,,44.00,44.00,1,,,,Russian Federation
080610 - Fresh,,27.50,27.50,1,,,,Russian Federation
080620 - Dried,,120.00,120.00,1,,,,Russian Federation
080711 - - Watermelons,705,44.00,44.00,1,,,,Russian Federation
080719 - - Other,,44.00,44.00,1,,,,Russian Federation
080720 - Papaws (papayas),,44.00,44.00,1,,,,Russian Federation
080810 - Apples,,44.00,44.00,1,,,,Russian Federation
080820 - Pears and quinces,,44.00,44.00,1,,,,Russian Federation
080910 - Apricots,,44.00,44.00,1,,,,Russian Federation
080920 - Cherries,,44.00,44.00,1,,,,Russian Federation
"080930 - Peaches, including nectarines",,55.00,55.00,1,,,,Russian Federation
080940 - Plums and sloes,,27.50,27.50,1,,,,Russian Federation
081010 - Strawberries,,55.00,55.00,1,,,,Russian Federation
"081020 - Raspberries, blackberries, mulberries and loganberries",,55.00,55.00,1,,,,Russian Federation
"081030 - Black, white or red currants and gooseberries",,55.00,55.00,1,,,,Russian Federation
"081040 - Cranberries, bilberries and other fruits of the genus Vaccinium",,55.00,55.00,1,,,,Russian Federation
081050 - Kiwifruit,,55.00,55.00,1,,,,Russian Federation
081090 - Other,,16.50,16.50,1,,,,Russian Federation
081110 - Strawberries,,55.00,55.00,1,,,,Russian Federation
"081120 - Raspberries, blackberries, mulberries, loganberries, black, white or red currants and gooseberries",,55.00,55.00,1,,,,Russian Federation
081190 - Other,,55.00,55.00,1,,,,Russian Federation
081210 - Cherries,,55.00,55.00,1,,,,Russian Federation
081220 - Strawberries,,55.00,55.00,1,,,,Russian Federation
081290 - Other,,55.00,55.00,1,,,,Russian Federation
081310 - Apricots,,55.00,55.00,1,,,,Russian Federation
081320 - Prunes,,44.00,44.00,1,,,,Russian Federation
081330 - Apples,,44.00,44.00,1,,,,Russian Federation
081340 - Other fruit,,44.00,44.00,1,,,,Russian Federation
081350 - Mixtures of nuts or dried fruits of this Chapter,,44.00,44.00,1,,,,Russian Federation
"081400 Peel of citrus fruit or melons (including watermelons), fresh, frozen, dried or provisionally preserved in brine, in sulphur water or in other preservative solutions",,44.00,44.00,1,,,,Russian Federation
,1998,,39.62,39.62,55,2,,,Russian Federation
080111 - - Desiccated,,40.00,40.00,1,,,,Russian Federation
080119 - - Other,,40.00,40.00,1,,,,Russian Federation
080121 - - In shell,,40.00,40.00,1,,,,Russian Federation
080122 - - Shelled,,40.00,40.00,1,,,,Russian Federation
080131 - - In shell,,0.00,0.00,1,,,,Russian Federation
080132 - - Shelled,,40.00,40.00,1,,,,Russian Federation
080211 - - In shell,,,,1,1,,,Russian Federation
080212 - - Shelled,,,,1,1,,,Russian Federation
080221 - - In shell,,40.00,40.00,1,,,,Russian Federation
080222 - - Shelled,,40.00,40.00,1,,,,Russian Federation
080231 - - In shell,,40.00,40.00,1,,,,Russian Federation
080232 - - Shelled,,40.00,40.00,1,,,,Russian Federation
080240 - Chestnuts (Castanea spp.),,40.00,40.00,1,,,,Russian Federation
080250 - Pistachios,,40.00,40.00,1,,,,Russian Federation
080290 - Other,,40.00,40.00,1,,,,Russian Federation
"080300 Bananas, including plantains, fresh or dried",,40.00,40.00,1,,,,Russian Federation
080410 - Dates,,30.00,30.00,1,,,,Russian Federation
080420 - Figs,,40.00,40.00,1,,,,Russian Federation
080430 - Pineapples,,40.00,40.00,1,,,,Russian Federation
080440 - Avocados,,40.00,40.00,1,,,,Russian Federation
"080450 - Guavas, mangoes and mangosteens",,40.00,40.00,1,,,,Russian Federation
080510 - Oranges,,40.00,40.00,1,,,,Russian Federation
"080520 - Mandarins (including tangerines and satsumas); clementines, wilkings and similar citrus hybrids",,40.00,40.00,1,,,,Russian Federation
"080530 - Lemons (Citrus limon, Citrus limonum) and limes (Citrus aurantifolia)",,40.00,40.00,1,,,,Russian Federation
080540 - Grapefruit,,40.00,40.00,1,,,,Russian Federation
080590 - Other,,40.00,40.00,1,,,,Russian Federation
080610 - Fresh,,30.00,30.00,1,,,,Russian Federation
080620 - Dried,,120.00,120.00,1,,,,Russian Federation
080711 - - Watermelons,,40.00,40.00,1,,,,Russian Federation
080719 - - Other,,40.00,40.00,1,,,,Russian Federation
080720 - Papaws (papayas),,40.00,40.00,1,,,,Russian Federation
080810 - Apples,,40.00,40.00,1,,,,Russian Federation
080820 - Pears and quinces,,40.00,40.00,1,,,,Russian Federation
080910 - Apricots,,40.00,40.00,1,,,,Russian Federation
080920 - Cherries,,40.00,40.00,1,,,,Russian Federation
"080930 - Peaches, including nectarines",,40.00,40.00,1,,,,Russian Federation
080940 - Plums and sloes,,30.00,30.00,1,,,,Russian Federation
081010 - Strawberries,,40.00,40.00,1,,,,Russian Federation
"081020 - Raspberries, blackberries, mulberries and loganberries",,40.00,40.00,1,,,,Russian Federation
"081030 - Black, white or red currants and gooseberries",,40.00,40.00,1,,,,Russian Federation
"081040 - Cranberries, bilberries and other fruits of the genus Vaccinium",,40.00,40.00,1,,,,Russian Federation
081050 - Kiwifruit,,40.00,40.00,1,,,,Russian Federation
081090 - Other,,10.00,10.00,1,,,,Russian Federation
081110 - Strawberries,,40.00,40.00,1,,,,Russian Federation
"081120 - Raspberries, blackberries, mulberries, loganberries, black, white or red currants and gooseberries",,40.00,40.00,1,,,,Russian Federation
081190 - Other,,40.00,40.00,1,,,,Russian Federation
081210 - Cherries,,40.00,40.00,1,,,,Russian Federation
081220 - Strawberries,,40.00,40.00,1,,,,Russian Federation
081290 - Other,,40.00,40.00,1,,,,Russian Federation
081310 - Apricots,,40.00,40.00,1,,,,Russian Federation
081320 - Prunes,,40.00,40.00,1,,,,Russian Federation
081330 - Apples,,40.00,40.00,1,,,,Russian Federation
081340 - Other fruit,,40.00,40.00,1,,,,Russian Federation
081350 - Mixtures of nuts or dried fruits of this Chapter,,40.00,40.00,1,,,,Russian Federation
"081400 Peel of citrus fruit or melons (including watermelons), fresh, frozen, dried or provisionally preserved in brine, in sulphur water or in other preservative solutions",,40.00,40.00,1,,,,Russian Federation
,1997,"4,601",44.66,44.66,55,2,,,Russian Federation
080111 - - Desiccated,,45.00,45.00,1,,,,Russian Federation
080119 - - Other,,45.00,45.00,1,,,,Russian Federation
080121 - - In shell,,45.00,45.00,1,,,,Russian Federation
080122 - - Shelled,,45.00,45.00,1,,,,Russian Federation
080131 - - In shell,,0.00,0.00,1,,,,Russian Federation
080132 - - Shelled,,45.00,45.00,1,,,,Russian Federation
080211 - - In shell,,,,1,1,,,Russian Federation
080212 - - Shelled,,,,1,1,,,Russian Federation
080221 - - In shell,,45.00,45.00,1,,,,Russian Federation
080222 - - Shelled,,45.00,45.00,1,,,,Russian Federation
080231 - - In shell,,45.00,45.00,1,,,,Russian Federation
080232 - - Shelled,,45.00,45.00,1,,,,Russian Federation
080240 - Chestnuts (Castanea spp.),,45.00,45.00,1,,,,Russian Federation
080250 - Pistachios,,45.00,45.00,1,,,,Russian Federation
080290 - Other,,45.00,45.00,1,,,,Russian Federation
"080300 Bananas, including plantains, fresh or dried",,45.00,45.00,1,,,,Russian Federation
080410 - Dates,,35.00,35.00,1,,,,Russian Federation
080420 - Figs,,45.00,45.00,1,,,,Russian Federation
080430 - Pineapples,,45.00,45.00,1,,,,Russian Federation
080440 - Avocados,,45.00,45.00,1,,,,Russian Federation
"080450 - Guavas, mangoes and mangosteens",,45.00,45.00,1,,,,Russian Federation
080510 - Oranges,,45.00,45.00,1,,,,Russian Federation
"080520 - Mandarins (including tangerines and satsumas); clementines, wilkings and similar citrus hybrids",,45.00,45.00,1,,,,Russian Federation
"080530 - Lemons (Citrus limon, Citrus limonum) and limes (Citrus aurantifolia)",,45.00,45.00,1,,,,Russian Federation
080540 - Grapefruit,,45.00,45.00,1,,,,Russian Federation
080590 - Other,,45.00,45.00,1,,,,Russian Federation
080610 - Fresh,,30.00,30.00,1,,,,Russian Federation
080620 - Dried,,127.00,127.00,1,,,,Russian Federation
080711 - - Watermelons,,45.00,45.00,1,,,,Russian Federation
080719 - - Other,,45.00,45.00,1,,,,Russian Federation
080720 - Papaws (papayas),,45.00,45.00,1,,,,Russian Federation
080810 - Apples,,45.00,45.00,1,,,,Russian Federation
080820 - Pears and quinces,,45.00,45.00,1,,,,Russian Federation
080910 - Apricots,,45.00,45.00,1,,,,Russian Federation
080920 - Cherries,,45.00,45.00,1,,,,Russian Federation
"080930 - Peaches, including nectarines",,45.00,45.00,1,,,,Russian Federation
080940 - Plums and sloes,,45.00,45.00,1,,,,Russian Federation
081010 - Strawberries,,45.00,45.00,1,,,,Russian Federation
"081020 - Raspberries, blackberries, mulberries and loganberries",,45.00,45.00,1,,,,Russian Federation
"081030 - Black, white or red currants and gooseberries",,45.00,45.00,1,,,,Russian Federation
"081040 - Cranberries, bilberries and other fruits of the genus Vaccinium",,45.00,45.00,1,,,,Russian Federation
081050 - Kiwifruit,,45.00,45.00,1,,,,Russian Federation
081090 - Other,,15.00,15.00,1,,,,Russian Federation
081110 - Strawberries,,45.00,45.00,1,,,,Russian Federation
"081120 - Raspberries, blackberries, mulberries, loganberries, black, white or red currants and gooseberries",,45.00,45.00,1,,,,Russian Federation
081190 - Other,,45.00,45.00,1,,,,Russian Federation
081210 - Cherries,,45.00,45.00,1,,,,Russian Federation
081220 - Strawberries,,45.00,45.00,1,,,,Russian Federation
081290 - Other,,45.00,45.00,1,,,,Russian Federation
081310 - Apricots,,45.00,45.00,1,,,,Russian Federation
081320 - Prunes,,45.00,45.00,1,,,,Russian Federation
081330 - Apples,,45.00,45.00,1,,,,Russian Federation
081340 - Other fruit,"4,601",45.00,45.00,1,,,,Russian Federation
081350 - Mixtures of nuts or dried fruits of this Chapter,,45.00,45.00,1,,,,Russian Federation
"081400 Peel of citrus fruit or melons (including watermelons), fresh, frozen, dried or provisionally preserved in brine, in sulphur water or in other preservative solutions",,45.00,45.00,1,,,,Russian Federation
,1996,,50.60,50.60,55,2,,,Russian Federation
080111 - - Desiccated,,52.00,52.00,1,,,,Russian Federation
080119 - - Other,,52.00,52.00,1,,,,Russian Federation
080121 - - In shell,,52.00,52.00,1,,,,Russian Federation
080122 - - Shelled,,52.00,52.00,1,,,,Russian Federation
080131 - - In shell,,0.00,0.00,1,,,,Russian Federation
080132 - - Shelled,,52.00,52.00,1,,,,Russian Federation
080211 - - In shell,,,,1,1,,,Russian Federation
080212 - - Shelled,,,,1,1,,,Russian Federation
080221 - - In shell,,52.00,52.00,1,,,,Russian Federation
080222 - - Shelled,,52.00,52.00,1,,,,Russian Federation
080231 - - In shell,,52.00,52.00,1,,,,Russian Federation
080232 - - Shelled,,52.00,52.00,1,,,,Russian Federation
080240 - Chestnuts (Castanea spp.),,52.00,52.00,1,,,,Russian Federation
080250 - Pistachios,,52.00,52.00,1,,,,Russian Federation
080290 - Other,,52.00,52.00,1,,,,Russian Federation
"080300 Bananas, including plantains, fresh or dried",,52.00,52.00,1,,,,Russian Federation
080410 - Dates,,32.00,32.00,1,,,,Russian Federation
080420 - Figs,,52.00,52.00,1,,,,Russian Federation
080430 - Pineapples,,52.00,52.00,1,,,,Russian Federation
080440 - Avocados,,52.00,52.00,1,,,,Russian Federation
"080450 - Guavas, mangoes and mangosteens",,52.00,52.00,1,,,,Russian Federation
080510 - Oranges,,52.00,52.00,1,,,,Russian Federation
"080520 - Mandarins (including tangerines and satsumas); clementines, wilkings and similar citrus hybrids",,52.00,52.00,1,,,,Russian Federation
"080530 - Lemons (Citrus limon, Citrus limonum) and limes (Citrus aurantifolia)",,52.00,52.00,1,,,,Russian Federation
080540 - Grapefruit,,52.00,52.00,1,,,,Russian Federation
080590 - Other,,52.00,52.00,1,,,,Russian Federation
080610 - Fresh,,32.00,32.00,1,,,,Russian Federation
080620 - Dried,,132.00,132.00,1,,,,Russian Federation
080711 - - Watermelons,,52.00,52.00,1,,,,Russian Federation
080719 - - Other,,52.00,52.00,1,,,,Russian Federation
080720 - Papaws (papayas),,52.00,52.00,1,,,,Russian Federation
080810 - Apples,,52.00,52.00,1,,,,Russian Federation
080820 - Pears and quinces,,52.00,52.00,1,,,,Russian Federation
080910 - Apricots,,52.00,52.00,1,,,,Russian Federation
080920 - Cherries,,52.00,52.00,1,,,,Russian Federation
"080930 - Peaches, including nectarines",,52.00,52.00,1,,,,Russian Federation
080940 - Plums and sloes,,32.00,32.00,1,,,,Russian Federation
081010 - Strawberries,,52.00,52.00,1,,,,Russian Federation
"081020 - Raspberries, blackberries, mulberries and loganberries",,52.00,52.00,1,,,,Russian Federation
"081030 - Black, white or red currants and gooseberries",,52.00,52.00,1,,,,Russian Federation
"081040 - Cranberries, bilberries and other fruits of the genus Vaccinium",,52.00,52.00,1,,,,Russian Federation
081050 - Kiwifruit,,52.00,52.00,1,,,,Russian Federation
081090 - Other,,10.00,10.00,1,,,,Russian Federation
081110 - Strawberries,,52.00,52.00,1,,,,Russian Federation
"081120 - Raspberries, blackberries, mulberries, loganberries, black, white or red currants and gooseberries",,52.00,52.00,1,,,,Russian Federation
081190 - Other,,52.00,52.00,1,,,,Russian Federation
081210 - Cherries,,52.00,52.00,1,,,,Russian Federation
081220 - Strawberries,,52.00,52.00,1,,,,Russian Federation
081290 - Other,,52.00,52.00,1,,,,Russian Federation
081310 - Apricots,,52.00,52.00,1,,,,Russian Federation
081320 - Prunes,,52.00,52.00,1,,,,Russian Federation
081330 - Apples,,52.00,52.00,1,,,,Russian Federation
081340 - Other fruit,,52.00,52.00,1,,,,Russian Federation
081350 - Mixtures of nuts or dried fruits of this Chapter,,52.00,52.00,1,,,,Russian Federation
"081400 Peel of citrus fruit or melons (including watermelons), fresh, frozen, dried or provisionally preserved in brine, in sulphur water or in other preservative solutions",,52.00,52.00,1,,,,Russian Federation
