Importer,Year,Value,Ad val. duties,Number of lines,India
,(US$),Simple average,MFN duties,Pref. duties,India
,MFN,Best,All items,Non ad val.,All items,Non ad val.,India
Brazil,"8,928,833",,,,,,,India
,2018,,22.65,22.65,49,,,,India
"950300 Tricycles, scooters, pedal cars and similar wheeled toys; dolls' carriages; dolls; other toys; reduced-size (""scale"") models and similar recreational models, working or not; puzzles of all kinds.",,34.00,34.00,15,,,,India
950420 - Articles and accessories for billiards of all kinds,,20.00,20.00,1,,,,India
"950430 - Other games, operated by coins, banknotes, bank cards, tokens or by any other means of payment, other than automatic bowling alley equipment",,20.00,20.00,1,,,,India
950440 - Playing cards,,20.00,20.00,1,,,,India
"950450 - Video game consoles and machines, other than those of subheading 9504.30",,20.00,20.00,1,,,,India
950490 - Other,,10.00,10.00,2,,,,India
950510 - Articles for Christmas festivities,,20.00,20.00,1,,,,India
950590 - Other,,20.00,20.00,1,,,,India
950611 - - Skis,,20.00,20.00,1,,,,India
950612 - - Ski-fastenings (ski-bindings),,20.00,20.00,1,,,,India
950619 - - Other,,20.00,20.00,1,,,,India
950621 - - Sailboards,,20.00,20.00,1,,,,India
950629 - - Other,,20.00,20.00,1,,,,India
"950631 - - Clubs, complete",,20.00,20.00,1,,,,India
950632 - - Balls,,20.00,20.00,1,,,,India
950639 - - Other,,20.00,20.00,1,,,,India
950640 - Articles and equipment for table-tennis,,20.00,20.00,1,,,,India
"950651 - - Lawn-tennis rackets, whether or not strung",,20.00,20.00,1,,,,India
950659 - - Other,,20.00,20.00,1,,,,India
950661 - - Lawn-tennis balls,,20.00,20.00,1,,,,India
950662 - - Inflatable,,20.00,20.00,1,,,,India
950669 - - Other,,20.00,20.00,1,,,,India
"950670 - Ice skates and roller skates, including skating boots with skates attached",,20.00,20.00,1,,,,India
"950691 - - Articles and equipment for general physical exercise, gymnastics or athletics",,20.00,20.00,1,,,,India
950699 - - Other,,20.00,20.00,1,,,,India
950710 - Fishing rods,,20.00,20.00,1,,,,India
"950720 - Fish-hooks, whether or not snelled",,20.00,20.00,1,,,,India
950730 - Fishing reels,,20.00,20.00,1,,,,India
950790 - Other,,20.00,20.00,1,,,,India
950810 - Travelling circuses and travelling menageries,,20.00,20.00,1,,,,India
950890 - Other,,5.00,5.00,4,,,,India
,2017,"1,158,981",22.29,22.29,49,,,,India
"950300 Tricycles, scooters, pedal cars and similar wheeled toys; dolls' carriages; dolls; other toys; reduced-size (""scale"") models and similar recreational models, working or not; puzzles of all kinds.","603,765",32.80,32.80,15,,,,India
950420 - Articles and accessories for billiards of all kinds,,20.00,20.00,1,,,,India
"950430 - Other games, operated by coins, banknotes, bank cards, tokens or by any other means of payment, other than automatic bowling alley equipment",,20.00,20.00,1,,,,India
950440 - Playing cards,"1,581",20.00,20.00,1,,,,India
"950450 - Video game consoles and machines, other than those of subheading 9504.30",,20.00,20.00,1,,,,India
950490 - Other,"16,558",10.00,10.00,2,,,,India
950510 - Articles for Christmas festivities,"5,316",20.00,20.00,1,,,,India
950590 - Other,"1,583",20.00,20.00,1,,,,India
950611 - - Skis,,20.00,20.00,1,,,,India
950612 - - Ski-fastenings (ski-bindings),,20.00,20.00,1,,,,India
950619 - - Other,,20.00,20.00,1,,,,India
950621 - - Sailboards,,20.00,20.00,1,,,,India
950629 - - Other,,20.00,20.00,1,,,,India
"950631 - - Clubs, complete",,20.00,20.00,1,,,,India
950632 - - Balls,,20.00,20.00,1,,,,India
950639 - - Other,,20.00,20.00,1,,,,India
950640 - Articles and equipment for table-tennis,815,20.00,20.00,1,,,,India
"950651 - - Lawn-tennis rackets, whether or not strung",,20.00,20.00,1,,,,India
950659 - - Other,,20.00,20.00,1,,,,India
950661 - - Lawn-tennis balls,,20.00,20.00,1,,,,India
950662 - - Inflatable,"368,358",20.00,20.00,1,,,,India
950669 - - Other,,20.00,20.00,1,,,,India
"950670 - Ice skates and roller skates, including skating boots with skates attached",,20.00,20.00,1,,,,India
"950691 - - Articles and equipment for general physical exercise, gymnastics or athletics","86,826",20.00,20.00,1,,,,India
950699 - - Other,"73,814",20.00,20.00,1,,,,India
950710 - Fishing rods,,20.00,20.00,1,,,,India
"950720 - Fish-hooks, whether or not snelled",,20.00,20.00,1,,,,India
950730 - Fishing reels,,20.00,20.00,1,,,,India
950790 - Other,365,20.00,20.00,1,,,,India
950810 - Travelling circuses and travelling menageries,,20.00,20.00,1,,,,India
950890 - Other,,5.00,5.00,4,,,,India
,2016,"617,838",22.65,22.65,49,,,,India
"950300 Tricycles, scooters, pedal cars and similar wheeled toys; dolls' carriages; dolls; other toys; reduced-size (""scale"") models and similar recreational models, working or not; puzzles of all kinds.","312,285",34.00,34.00,15,,,,India
950420 - Articles and accessories for billiards of all kinds,,20.00,20.00,1,,,,India
"950430 - Other games, operated by coins, banknotes, bank cards, tokens or by any other means of payment, other than automatic bowling alley equipment",,20.00,20.00,1,,,,India
950440 - Playing cards,"2,923",20.00,20.00,1,,,,India
"950450 -Video game consoles and machines, other than those of subheading 9504.30",,20.00,20.00,1,,,,India
950490 - Other,"14,127",10.00,10.00,2,,,,India
950510 - Articles for Christmas festivities,"6,891",20.00,20.00,1,,,,India
950590 - Other,"1,637",20.00,20.00,1,,,,India
950611 -- Skis,,20.00,20.00,1,,,,India
950612 -- Ski-fastenings (ski-bindings),,20.00,20.00,1,,,,India
950619 -- Other,,20.00,20.00,1,,,,India
950621 -- Sailboards,,20.00,20.00,1,,,,India
950629 -- Other,"2,902",20.00,20.00,1,,,,India
"950631 -- Clubs, complete",,20.00,20.00,1,,,,India
950632 -- Balls,,20.00,20.00,1,,,,India
950639 -- Other,,20.00,20.00,1,,,,India
950640 - Articles and equipment for table-tennis,252,20.00,20.00,1,,,,India
"950651 -- Lawn-tennis rackets, whether or not strung",,20.00,20.00,1,,,,India
950659 -- Other,,20.00,20.00,1,,,,India
950661 -- Lawn-tennis balls,,20.00,20.00,1,,,,India
950662 -- Inflatable,"43,652",20.00,20.00,1,,,,India
950669 -- Other,,20.00,20.00,1,,,,India
"950670 - Ice skates and roller skates, including skating boots with skates attached",,20.00,20.00,1,,,,India
"950691 -- Articles and equipment for general physical exercise, gymnastics or athletics","190,930",20.00,20.00,1,,,,India
950699 -- Other,"41,714",20.00,20.00,1,,,,India
950710 - Fishing rods,,20.00,20.00,1,,,,India
"950720 - Fish-hooks, whether or not snelled",,20.00,20.00,1,,,,India
950730 - Fishing reels,,20.00,20.00,1,,,,India
950790 - Other,,20.00,20.00,1,,,,India
950810 - Travelling circuses and travelling menageries,,20.00,20.00,1,,,,India
950890 - Other,525,5.00,5.00,4,,,,India
,2015,"908,149",22.65,22.65,49,,,,India
"950300 Tricycles, scooters, pedal cars and similar wheeled toys; dolls' carriages; dolls; other toys; reduced-size (""scale"") models and similar recreational models, working or not; puzzles of all kinds.","261,810",34.00,34.00,15,,,,India
950420 - Articles and accessories for billiards of all kinds,,20.00,20.00,1,,,,India
"950430 - Other games, operated by coins, banknotes, bank cards, tokens or by any other means of payment, other than automatic bowling alley equipment",,20.00,20.00,1,,,,India
950440 - Playing cards,"70,229",20.00,20.00,1,,,,India
"950450 -Video game consoles and machines, other than those of subheading 9504.30",,20.00,20.00,1,,,,India
950490 - Other,"29,139",10.00,10.00,2,,,,India
950510 - Articles for Christmas festivities,"17,871",20.00,20.00,1,,,,India
950590 - Other,"1,026",20.00,20.00,1,,,,India
950611 -- Skis,,20.00,20.00,1,,,,India
950612 -- Ski-fastenings (ski-bindings),,20.00,20.00,1,,,,India
950619 -- Other,,20.00,20.00,1,,,,India
950621 -- Sailboards,,20.00,20.00,1,,,,India
950629 -- Other,,20.00,20.00,1,,,,India
"950631 -- Clubs, complete",,20.00,20.00,1,,,,India
950632 -- Balls,,20.00,20.00,1,,,,India
950639 -- Other,,20.00,20.00,1,,,,India
950640 - Articles and equipment for table-tennis,179,20.00,20.00,1,,,,India
"950651 -- Lawn-tennis rackets, whether or not strung",,20.00,20.00,1,,,,India
950659 -- Other,,20.00,20.00,1,,,,India
950661 -- Lawn-tennis balls,,20.00,20.00,1,,,,India
950662 -- Inflatable,"128,434",20.00,20.00,1,,,,India
950669 -- Other,"1,180",20.00,20.00,1,,,,India
"950670 - Ice skates and roller skates, including skating boots with skates attached",,20.00,20.00,1,,,,India
"950691 -- Articles and equipment for general physical exercise, gymnastics or athletics","376,049",20.00,20.00,1,,,,India
950699 -- Other,"21,892",20.00,20.00,1,,,,India
950710 - Fishing rods,,20.00,20.00,1,,,,India
"950720 - Fish-hooks, whether or not snelled",,20.00,20.00,1,,,,India
950730 - Fishing reels,,20.00,20.00,1,,,,India
950790 - Other,60,20.00,20.00,1,,,,India
950810 - Travelling circuses and travelling menageries,,20.00,20.00,1,,,,India
950890 - Other,280,5.00,5.00,4,,,,India
,2014,"994,807",22.29,22.29,49,,,,India
"950300 Tricycles, scooters, pedal cars and similar wheeled toys; dolls' carriages; dolls; other toys; reduced-size (""scale"") models and similar recreational models, working or not; puzzles of all kinds.","26,244",32.80,32.80,15,,,,India
950420 - Articles and accessories for billiards of all kinds,,20.00,20.00,1,,,,India
"950430 - Other games, operated by coins, banknotes, bank cards, tokens or by any other means of payment, other than automatic bowling alley equipment",,20.00,20.00,1,,,,India
950440 - Playing cards,"104,725",20.00,20.00,1,,,,India
"950450 -Video game consoles and machines, other than those of subheading 9504.30",,20.00,20.00,1,,,,India
950490 - Other,"3,772",10.00,10.00,2,,,,India
950510 - Articles for Christmas festivities,"24,154",20.00,20.00,1,,,,India
950590 - Other,"5,515",20.00,20.00,1,,,,India
950611 -- Skis,,20.00,20.00,1,,,,India
950612 -- Ski-fastenings (ski-bindings),,20.00,20.00,1,,,,India
950619 -- Other,,20.00,20.00,1,,,,India
950621 -- Sailboards,,20.00,20.00,1,,,,India
950629 -- Other,,20.00,20.00,1,,,,India
"950631 -- Clubs, complete",,20.00,20.00,1,,,,India
950632 -- Balls,,20.00,20.00,1,,,,India
950639 -- Other,,20.00,20.00,1,,,,India
950640 - Articles and equipment for table-tennis,786,20.00,20.00,1,,,,India
"950651 -- Lawn-tennis rackets, whether or not strung",,20.00,20.00,1,,,,India
950659 -- Other,,20.00,20.00,1,,,,India
950661 -- Lawn-tennis balls,,20.00,20.00,1,,,,India
950662 -- Inflatable,"147,700",20.00,20.00,1,,,,India
950669 -- Other,"1,208",20.00,20.00,1,,,,India
"950670 - Ice skates and roller skates, including skating boots with skates attached",,20.00,20.00,1,,,,India
"950691 -- Articles and equipment for general physical exercise, gymnastics or athletics","669,701",20.00,20.00,1,,,,India
950699 -- Other,"6,883",20.00,20.00,1,,,,India
950710 - Fishing rods,,20.00,20.00,1,,,,India
"950720 - Fish-hooks, whether or not snelled",,20.00,20.00,1,,,,India
950730 - Fishing reels,,20.00,20.00,1,,,,India
950790 - Other,"4,119",20.00,20.00,1,,,,India
950810 - Travelling circuses and travelling menageries,,20.00,20.00,1,,,,India
950890 - Other,,5.00,5.00,4,,,,India
,2013,"497,937",22.29,22.29,49,,,,India
"950300 Tricycles, scooters, pedal cars and similar wheeled toys; dolls' carriages; dolls; other toys; reduced-size (""scale"") models and similar recreational models, working or not; puzzles of all kinds.","35,529",32.80,32.80,15,,,,India
950420 - Articles and accessories for billiards of all kinds,,20.00,20.00,1,,,,India
"950430 - Other games, operated by coins, banknotes, bank cards, tokens or by any other means of payment, other than automatic bowling alley equipment",,20.00,20.00,1,,,,India
950440 - Playing cards,,20.00,20.00,1,,,,India
"950450 -Video game consoles and machines, other than those of subheading 9504.30",,20.00,20.00,1,,,,India
950490 - Other,"32,238",10.00,10.00,2,,,,India
950510 - Articles for Christmas festivities,"14,704",20.00,20.00,1,,,,India
950590 - Other,"3,628",20.00,20.00,1,,,,India
950611 -- Skis,,20.00,20.00,1,,,,India
950612 -- Ski-fastenings (ski-bindings),,20.00,20.00,1,,,,India
950619 -- Other,,20.00,20.00,1,,,,India
950621 -- Sailboards,,20.00,20.00,1,,,,India
950629 -- Other,,20.00,20.00,1,,,,India
"950631 -- Clubs, complete",,20.00,20.00,1,,,,India
950632 -- Balls,,20.00,20.00,1,,,,India
950639 -- Other,,20.00,20.00,1,,,,India
950640 - Articles and equipment for table-tennis,,20.00,20.00,1,,,,India
"950651 -- Lawn-tennis rackets, whether or not strung",,20.00,20.00,1,,,,India
950659 -- Other,,20.00,20.00,1,,,,India
950661 -- Lawn-tennis balls,,20.00,20.00,1,,,,India
950662 -- Inflatable,"32,098",20.00,20.00,1,,,,India
950669 -- Other,45,20.00,20.00,1,,,,India
"950670 - Ice skates and roller skates, including skating boots with skates attached",,20.00,20.00,1,,,,India
"950691 -- Articles and equipment for general physical exercise, gymnastics or athletics","111,007",20.00,20.00,1,,,,India
950699 -- Other,"33,653",20.00,20.00,1,,,,India
950710 - Fishing rods,,20.00,20.00,1,,,,India
"950720 - Fish-hooks, whether or not snelled",,20.00,20.00,1,,,,India
950730 - Fishing reels,,20.00,20.00,1,,,,India
950790 - Other,246,20.00,20.00,1,,,,India
950810 - Travelling circuses and travelling menageries,,20.00,20.00,1,,,,India
950890 - Other,"234,789",5.00,5.00,4,,,,India
,2012,"733,904",22.29,22.29,49,,,,India
"950300 Tricycles, scooters, pedal cars and similar wheeled toys; dolls' carriages; dolls; other toys; reduced-size (""scale"") models and similar recreational models, working or not; puzzles of all kinds.","31,282",32.80,32.80,15,,,,India
950420 - Articles and accessories for billiards of all kinds,,20.00,20.00,1,,,,India
"950430 - Other games, operated by coins, banknotes, bank cards, tokens or by any other means of payment, other than automatic bowling alley equipment",,20.00,20.00,1,,,,India
950440 - Playing cards,"80,824",20.00,20.00,1,,,,India
"950450 -Video game consoles and machines, other than those of subheading 9504.30",,20.00,20.00,1,,,,India
950490 - Other,"1,655",10.00,10.00,2,,,,India
950510 - Articles for Christmas festivities,"27,988",20.00,20.00,1,,,,India
950590 - Other,"12,134",20.00,20.00,1,,,,India
950611 -- Skis,,20.00,20.00,1,,,,India
950612 -- Ski-fastenings (ski-bindings),,20.00,20.00,1,,,,India
950619 -- Other,,20.00,20.00,1,,,,India
950621 -- Sailboards,,20.00,20.00,1,,,,India
950629 -- Other,,20.00,20.00,1,,,,India
"950631 -- Clubs, complete",,20.00,20.00,1,,,,India
950632 -- Balls,,20.00,20.00,1,,,,India
950639 -- Other,,20.00,20.00,1,,,,India
950640 - Articles and equipment for table-tennis,"6,336",20.00,20.00,1,,,,India
"950651 -- Lawn-tennis rackets, whether or not strung",,20.00,20.00,1,,,,India
950659 -- Other,,20.00,20.00,1,,,,India
950661 -- Lawn-tennis balls,,20.00,20.00,1,,,,India
950662 -- Inflatable,"80,805",20.00,20.00,1,,,,India
950669 -- Other,,20.00,20.00,1,,,,India
"950670 - Ice skates and roller skates, including skating boots with skates attached",,20.00,20.00,1,,,,India
"950691 -- Articles and equipment for general physical exercise, gymnastics or athletics","259,344",20.00,20.00,1,,,,India
950699 -- Other,"94,248",20.00,20.00,1,,,,India
950710 - Fishing rods,,20.00,20.00,1,,,,India
"950720 - Fish-hooks, whether or not snelled",,20.00,20.00,1,,,,India
950730 - Fishing reels,,20.00,20.00,1,,,,India
950790 - Other,"1,738",20.00,20.00,1,,,,India
950810 - Travelling circuses and travelling menageries,,20.00,20.00,1,,,,India
950890 - Other,"137,549",5.00,5.00,4,,,,India
,2011,"265,000",22.55,22.55,51,,,,India
"950300 Tricycles, scooters, pedal cars and similar wheeled toys; dolls' carriages; dolls; other toys; reduced-size (""scale"") models and similar recreational models, working or not; puzzles of all kinds.",,34.00,34.00,15,,,,India
950410 - Video games of a kind used with a television receiver,,20.00,20.00,3,,,,India
950420 - Articles and accessories for billiards of all kinds,,20.00,20.00,1,,,,India
"950430 - Other games, operated by coins, banknotes, bank cards, tokens or by other means of payment, other than bowling alley equipment",,20.00,20.00,1,,,,India
950440 - Playing cards,"77,000",20.00,20.00,1,,,,India
950490 - Other,"8,000",10.00,10.00,2,,,,India
950510 - Articles for Christmas festivities,"11,000",20.00,20.00,1,,,,India
950590 - Other,"24,000",20.00,20.00,1,,,,India
950611 -- Skis,,20.00,20.00,1,,,,India
950612 -- Ski-fastenings (ski-bindings),,20.00,20.00,1,,,,India
950619 -- Other,,20.00,20.00,1,,,,India
950621 -- Sailboards,,20.00,20.00,1,,,,India
950629 -- Other,,20.00,20.00,1,,,,India
"950631 -- Clubs, complete",,20.00,20.00,1,,,,India
950632 -- Balls,,20.00,20.00,1,,,,India
950639 -- Other,,20.00,20.00,1,,,,India
950640 - Articles and equipment for table-tennis,,20.00,20.00,1,,,,India
"950651 -- Lawn-tennis rackets, whether or not strung",,20.00,20.00,1,,,,India
950659 -- Other,,20.00,20.00,1,,,,India
950661 -- Lawn-tennis balls,,20.00,20.00,1,,,,India
950662 -- Inflatable,"45,000",20.00,20.00,1,,,,India
950669 -- Other,,20.00,20.00,1,,,,India
"950670 - Ice skates and roller skates, including skating boots with skates attached",,20.00,20.00,1,,,,India
"950691 -- Articles and equipment for general physical exercise, gymnastics or athletics","97,000",20.00,20.00,1,,,,India
950699 -- Other,"3,000",20.00,20.00,1,,,,India
950710 - Fishing rods,,20.00,20.00,1,,,,India
"950720 - Fish-hooks, whether or not snelled",,20.00,20.00,1,,,,India
950730 - Fishing reels,,20.00,20.00,1,,,,India
950790 - Other,,20.00,20.00,1,,,,India
950810 - Travelling circuses and travelling menageries,,20.00,20.00,1,,,,India
950890 - Other,,5.00,5.00,4,,,,India
,2010,"748,000",18.43,18.43,51,,,,India
"950300 Tricycles, scooters, pedal cars and similar wheeled toys; dolls' carriages; dolls; other toys; reduced-size (""scale"") models and similar recreational models, working or not; puzzles of all kinds.",,20.00,20.00,15,,,,India
950410 - Video games of a kind used with a television receiver,,20.00,20.00,3,,,,India
950420 - Articles and accessories for billiards of all kinds,,20.00,20.00,1,,,,India
"950430 - Other games, operated by coins, banknotes, bank cards, tokens or by other means of payment, other than bowling alley equipment",,20.00,20.00,1,,,,India
950440 - Playing cards,,20.00,20.00,1,,,,India
950490 - Other,"1,000",10.00,10.00,2,,,,India
950510 - Articles for Christmas festivities,"162,000",20.00,20.00,1,,,,India
950590 - Other,"78,000",20.00,20.00,1,,,,India
950611 -- Skis,,20.00,20.00,1,,,,India
950612 -- Ski-fastenings (ski-bindings),,20.00,20.00,1,,,,India
950619 -- Other,,20.00,20.00,1,,,,India
950621 -- Sailboards,,20.00,20.00,1,,,,India
950629 -- Other,,20.00,20.00,1,,,,India
"950631 -- Clubs, complete",,20.00,20.00,1,,,,India
950632 -- Balls,,20.00,20.00,1,,,,India
950639 -- Other,,20.00,20.00,1,,,,India
950640 - Articles and equipment for table-tennis,,20.00,20.00,1,,,,India
"950651 -- Lawn-tennis rackets, whether or not strung",,20.00,20.00,1,,,,India
950659 -- Other,,20.00,20.00,1,,,,India
950661 -- Lawn-tennis balls,,20.00,20.00,1,,,,India
950662 -- Inflatable,"99,000",20.00,20.00,1,,,,India
950669 -- Other,,20.00,20.00,1,,,,India
"950670 - Ice skates and roller skates, including skating boots with skates attached",,20.00,20.00,1,,,,India
"950691 -- Articles and equipment for general physical exercise, gymnastics or athletics","55,000",20.00,20.00,1,,,,India
950699 -- Other,,20.00,20.00,1,,,,India
950710 - Fishing rods,,20.00,20.00,1,,,,India
"950720 - Fish-hooks, whether or not snelled",,20.00,20.00,1,,,,India
950730 - Fishing reels,,20.00,20.00,1,,,,India
950790 - Other,,20.00,20.00,1,,,,India
950810 - Travelling circuses and travelling menageries,,20.00,20.00,1,,,,India
950890 - Other,"353,000",5.00,5.00,4,,,,India
,2009,"364,000",18.43,18.43,51,,,,India
"950300 Tricycles, scooters, pedal cars and similar wheeled toys; dolls' carriages; dolls; other toys; reduced-size (""scale"") models and similar recreational models, working or not; puzzles of all kinds.",,20.00,20.00,15,,,,India
950410 - Video games of a kind used with a television receiver,,20.00,20.00,3,,,,India
950420 - Articles and accessories for billiards of all kinds,,20.00,20.00,1,,,,India
"950430 - Other games, operated by coins, banknotes, bank cards, tokens or by other means of payment, other than bowling alley equipment",,20.00,20.00,1,,,,India
950440 - Playing cards,"1,000",20.00,20.00,1,,,,India
950490 - Other,"8,000",10.00,10.00,2,,,,India
950510 - Articles for Christmas festivities,"91,000",20.00,20.00,1,,,,India
950590 - Other,"28,000",20.00,20.00,1,,,,India
950611 -- Skis,,20.00,20.00,1,,,,India
950612 -- Ski-fastenings (ski-bindings),,20.00,20.00,1,,,,India
950619 -- Other,,20.00,20.00,1,,,,India
950621 -- Sailboards,,20.00,20.00,1,,,,India
950629 -- Other,,20.00,20.00,1,,,,India
"950631 -- Clubs, complete",,20.00,20.00,1,,,,India
950632 -- Balls,,20.00,20.00,1,,,,India
950639 -- Other,,20.00,20.00,1,,,,India
950640 - Articles and equipment for table-tennis,,20.00,20.00,1,,,,India
"950651 -- Lawn-tennis rackets, whether or not strung",,20.00,20.00,1,,,,India
950659 -- Other,,20.00,20.00,1,,,,India
950661 -- Lawn-tennis balls,,20.00,20.00,1,,,,India
950662 -- Inflatable,"191,000",20.00,20.00,1,,,,India
950669 -- Other,"3,000",20.00,20.00,1,,,,India
"950670 - Ice skates and roller skates, including skating boots with skates attached",,20.00,20.00,1,,,,India
"950691 -- Articles and equipment for general physical exercise, gymnastics or athletics","41,000",20.00,20.00,1,,,,India
950699 -- Other,"1,000",20.00,20.00,1,,,,India
950710 - Fishing rods,,20.00,20.00,1,,,,India
"950720 - Fish-hooks, whether or not snelled",,20.00,20.00,1,,,,India
950730 - Fishing reels,,20.00,20.00,1,,,,India
950790 - Other,,20.00,20.00,1,,,,India
950810 - Travelling circuses and travelling menageries,,20.00,20.00,1,,,,India
950890 - Other,,5.00,5.00,4,,,,India
,2008,"192,000",18.43,18.43,51,,,,India
"950300 Tricycles, scooters, pedal cars and similar wheeled toys; dolls' carriages; dolls; other toys; reduced-size (""scale"") models and similar recreational models, working or not; puzzles of all kinds.","60,000",20.00,20.00,15,,,,India
950410 - Video games of a kind used with a television receiver,,20.00,20.00,3,,,,India
950420 - Articles and accessories for billiards of all kinds,,20.00,20.00,1,,,,India
"950430 - Other games, operated by coins, banknotes, bank cards, tokens or by other means of payment, other than bowling alley equipment",,20.00,20.00,1,,,,India
950440 - Playing cards,"9,000",20.00,20.00,1,,,,India
950490 - Other,"1,000",10.00,10.00,2,,,,India
950510 - Articles for Christmas festivities,"7,000",20.00,20.00,1,,,,India
950590 - Other,"20,000",20.00,20.00,1,,,,India
950611 -- Skis,,20.00,20.00,1,,,,India
950612 -- Ski-fastenings (ski-bindings),,20.00,20.00,1,,,,India
950619 -- Other,,20.00,20.00,1,,,,India
950621 -- Sailboards,,20.00,20.00,1,,,,India
950629 -- Other,,20.00,20.00,1,,,,India
"950631 -- Clubs, complete",,20.00,20.00,1,,,,India
950632 -- Balls,,20.00,20.00,1,,,,India
950639 -- Other,,20.00,20.00,1,,,,India
950640 - Articles and equipment for table-tennis,,20.00,20.00,1,,,,India
"950651 -- Lawn-tennis rackets, whether or not strung",,20.00,20.00,1,,,,India
950659 -- Other,,20.00,20.00,1,,,,India
950661 -- Lawn-tennis balls,,20.00,20.00,1,,,,India
950662 -- Inflatable,"74,000",20.00,20.00,1,,,,India
950669 -- Other,,20.00,20.00,1,,,,India
"950670 - Ice skates and roller skates, including skating boots with skates attached",,20.00,20.00,1,,,,India
"950691 -- Articles and equipment for general physical exercise, gymnastics or athletics","19,000",20.00,20.00,1,,,,India
950699 -- Other,"2,000",20.00,20.00,1,,,,India
950710 - Fishing rods,,20.00,20.00,1,,,,India
"950720 - Fish-hooks, whether or not snelled",,20.00,20.00,1,,,,India
950730 - Fishing reels,,20.00,20.00,1,,,,India
950790 - Other,,20.00,20.00,1,,,,India
950810 - Travelling circuses and travelling menageries,,20.00,20.00,1,,,,India
950890 - Other,,5.00,5.00,4,,,,India
,2007,"163,000",18.43,18.43,51,,,,India
"950300 Tricycles, scooters, pedal cars and similar wheeled toys; dolls' carriages; dolls; other toys; reduced-size (""scale"") models and similar recreational models, working or not; puzzles of all kinds.",,20.00,20.00,15,,,,India
950410 - Video games of a kind used with a television receiver,,20.00,20.00,3,,,,India
950420 - Articles and accessories for billiards of all kinds,,20.00,20.00,1,,,,India
"950430 - Other games, operated by coins, banknotes, bank cards, tokens or by other means of payment, other than bowling alley equipment",,20.00,20.00,1,,,,India
950440 - Playing cards,"102,000",20.00,20.00,1,,,,India
950490 - Other,"1,000",10.00,10.00,2,,,,India
950510 - Articles for Christmas festivities,"11,000",20.00,20.00,1,,,,India
950590 - Other,"13,000",20.00,20.00,1,,,,India
950611 -- Skis,,20.00,20.00,1,,,,India
950612 -- Ski-fastenings (ski-bindings),,20.00,20.00,1,,,,India
950619 -- Other,,20.00,20.00,1,,,,India
950621 -- Sailboards,,20.00,20.00,1,,,,India
950629 -- Other,,20.00,20.00,1,,,,India
"950631 -- Clubs, complete",,20.00,20.00,1,,,,India
950632 -- Balls,"2,000",20.00,20.00,1,,,,India
950639 -- Other,,20.00,20.00,1,,,,India
950640 - Articles and equipment for table-tennis,,20.00,20.00,1,,,,India
"950651 -- Lawn-tennis rackets, whether or not strung",,20.00,20.00,1,,,,India
950659 -- Other,,20.00,20.00,1,,,,India
950661 -- Lawn-tennis balls,,20.00,20.00,1,,,,India
950662 -- Inflatable,"19,000",20.00,20.00,1,,,,India
950669 -- Other,,20.00,20.00,1,,,,India
"950670 - Ice skates and roller skates, including skating boots with skates attached",,20.00,20.00,1,,,,India
"950691 -- Articles and equipment for general physical exercise, gymnastics or athletics","14,000",20.00,20.00,1,,,,India
950699 -- Other,"1,000",20.00,20.00,1,,,,India
950710 - Fishing rods,,20.00,20.00,1,,,,India
"950720 - Fish-hooks, whether or not snelled",,20.00,20.00,1,,,,India
950730 - Fishing reels,,20.00,20.00,1,,,,India
950790 - Other,,20.00,20.00,1,,,,India
950810 - Travelling circuses and travelling menageries,,20.00,20.00,1,,,,India
950890 - Other,,5.00,5.00,4,,,,India
,2006,"289,000",18.49,18.49,53,,,,India
"950100 Wheeled toys designed to be ridden by children (for example, tricycles, scooters, pedal cars); dolls' carriages.",,20.00,20.00,1,,,,India
"950210 - Dolls, whether or not dressed",,20.00,20.00,2,,,,India
"950291 -- Garments and accessories therefor, footwear and headgear",,20.00,20.00,1,,,,India
950299 -- Other,,20.00,20.00,1,,,,India
"950310 - Electric trains, including tracks, signals and other accessories therefor",,20.00,20.00,1,,,,India
"950320 - Reduced-size (""scale'') model assembly kits, whether or not working models, excluding those of subheading 9503.10",,20.00,20.00,1,,,,India
950330 - Other construction sets and constructional toys,,20.00,20.00,1,,,,India
950341 -- Stuffed,,20.00,20.00,1,,,,India
950349 -- Other,,20.00,20.00,1,,,,India
950350 - Toy musical instruments and apparatus,,20.00,20.00,1,,,,India
950360 - Puzzles,,20.00,20.00,1,,,,India
"950370 - Other toys, put up in sets or outfits",,20.00,20.00,1,,,,India
"950380 - Other toys and models, incorporating a motor",,20.00,20.00,3,,,,India
950390 - Other,,20.00,20.00,1,,,,India
950410 - Video games of a kind used with a television receiver,,20.00,20.00,3,,,,India
950420 - Articles and accessories for billiards,,20.00,20.00,1,,,,India
"950430 - Other games, operated by coins, banknotes (paper currency), discs or other similar articles, other than bowling alley equipment",,20.00,20.00,1,,,,India
950440 - Playing cards,,20.00,20.00,1,,,,India
950490 - Other,"1,000",10.00,10.00,2,,,,India
950510 - Articles for Christmas festivities,"3,000",20.00,20.00,1,,,,India
950590 - Other,"7,000",20.00,20.00,1,,,,India
950611 -- Skis,,20.00,20.00,1,,,,India
950612 -- Ski-fastenings (ski-bindings),,20.00,20.00,1,,,,India
950619 -- Other,,20.00,20.00,1,,,,India
950621 -- Sailboards,,20.00,20.00,1,,,,India
950629 -- Other,,20.00,20.00,1,,,,India
"950631 -- Clubs, complete",,20.00,20.00,1,,,,India
950632 -- Balls,,20.00,20.00,1,,,,India
950639 -- Other,,20.00,20.00,1,,,,India
950640 - Articles and equipment for table-tennis,,20.00,20.00,1,,,,India
"950651 -- Lawn-tennis rackets, whether or not strung",,20.00,20.00,1,,,,India
950659 -- Other,,20.00,20.00,1,,,,India
950661 -- Lawn-tennis balls,,20.00,20.00,1,,,,India
950662 -- Inflatable,"243,000",20.00,20.00,1,,,,India
950669 -- Other,"4,000",20.00,20.00,1,,,,India
"950670 - Ice skates and roller skates, including skating boots with skates attached",,20.00,20.00,1,,,,India
"950691 -- Articles and equipment for general physical exercise, gymnastics or athletics",,20.00,20.00,1,,,,India
950699 -- Other,"31,000",20.00,20.00,1,,,,India
950710 - Fishing rods,,20.00,20.00,1,,,,India
"950720 - Fish-hooks, whether or not snelled",,20.00,20.00,1,,,,India
950730 - Fishing reels,,20.00,20.00,1,,,,India
950790 - Other,,20.00,20.00,1,,,,India
950810 - Travelling circuses and travelling menageries,,20.00,20.00,1,,,,India
950890 - Other,,5.00,5.00,4,,,,India
,2005,"127,000",18.49,18.49,53,,,,India
"950100 Wheeled toys designed to be ridden by children (for example, tricycles, scooters, pedal cars); dolls' carriages.",,20.00,20.00,1,,,,India
"950210 - Dolls, whether or not dressed",,20.00,20.00,2,,,,India
"950291 -- Garments and accessories therefor, footwear and headgear",,20.00,20.00,1,,,,India
950299 -- Other,,20.00,20.00,1,,,,India
"950310 - Electric trains, including tracks, signals and other accessories therefor",,20.00,20.00,1,,,,India
"950320 - Reduced-size (""scale'') model assembly kits, whether or not working models, excluding those of subheading 9503.10",,20.00,20.00,1,,,,India
950330 - Other construction sets and constructional toys,,20.00,20.00,1,,,,India
950341 -- Stuffed,,20.00,20.00,1,,,,India
950349 -- Other,,20.00,20.00,1,,,,India
950350 - Toy musical instruments and apparatus,,20.00,20.00,1,,,,India
950360 - Puzzles,,20.00,20.00,1,,,,India
"950370 - Other toys, put up in sets or outfits",,20.00,20.00,1,,,,India
"950380 - Other toys and models, incorporating a motor",,20.00,20.00,3,,,,India
950390 - Other,,20.00,20.00,1,,,,India
950410 - Video games of a kind used with a television receiver,,20.00,20.00,3,,,,India
950420 - Articles and accessories for billiards,,20.00,20.00,1,,,,India
"950430 - Other games, operated by coins, banknotes (paper currency), discs or other similar articles, other than bowling alley equipment",,20.00,20.00,1,,,,India
950440 - Playing cards,,20.00,20.00,1,,,,India
950490 - Other,,10.00,10.00,2,,,,India
950510 - Articles for Christmas festivities,"15,000",20.00,20.00,1,,,,India
950590 - Other,"10,000",20.00,20.00,1,,,,India
950611 -- Skis,,20.00,20.00,1,,,,India
950612 -- Ski-fastenings (ski-bindings),,20.00,20.00,1,,,,India
950619 -- Other,,20.00,20.00,1,,,,India
950621 -- Sailboards,,20.00,20.00,1,,,,India
950629 -- Other,"1,000",20.00,20.00,1,,,,India
"950631 -- Clubs, complete",,20.00,20.00,1,,,,India
950632 -- Balls,,20.00,20.00,1,,,,India
950639 -- Other,,20.00,20.00,1,,,,India
950640 - Articles and equipment for table-tennis,,20.00,20.00,1,,,,India
"950651 -- Lawn-tennis rackets, whether or not strung",,20.00,20.00,1,,,,India
950659 -- Other,,20.00,20.00,1,,,,India
950661 -- Lawn-tennis balls,,20.00,20.00,1,,,,India
950662 -- Inflatable,"83,000",20.00,20.00,1,,,,India
950669 -- Other,,20.00,20.00,1,,,,India
"950670 - Ice skates and roller skates, including skating boots with skates attached",,20.00,20.00,1,,,,India
"950691 -- Articles and equipment for general physical exercise, gymnastics or athletics","7,000",20.00,20.00,1,,,,India
950699 -- Other,"11,000",20.00,20.00,1,,,,India
950710 - Fishing rods,,20.00,20.00,1,,,,India
"950720 - Fish-hooks, whether or not snelled",,20.00,20.00,1,,,,India
950730 - Fishing reels,,20.00,20.00,1,,,,India
950790 - Other,,20.00,20.00,1,,,,India
950810 - Travelling circuses and travelling menageries,,20.00,20.00,1,,,,India
950890 - Other,,5.00,5.00,4,,,,India
,2004,"50,000",20.00,20.00,49,,,,India
"950100 Wheeled toys designed to be ridden by children (for example, tricycles, scooters, pedal cars); dolls' carriages.",,20.00,20.00,1,,,,India
"950210 - Dolls, whether or not dressed",,20.00,20.00,2,,,,India
"950291 -- Garments and accessories therefor, footwear and headgear",,20.00,20.00,1,,,,India
950299 -- Other,,20.00,20.00,1,,,,India
"950310 - Electric trains, including tracks, signals and other accessories therefor",,20.00,20.00,1,,,,India
"950320 - Reduced-size (""scale'') model assembly kits, whether or not working models, excluding those of subheading 9503.10",,20.00,20.00,1,,,,India
950330 - Other construction sets and constructional toys,,20.00,20.00,1,,,,India
950341 -- Stuffed,,20.00,20.00,1,,,,India
950349 -- Other,,20.00,20.00,1,,,,India
950350 - Toy musical instruments and apparatus,,20.00,20.00,1,,,,India
950360 - Puzzles,,20.00,20.00,1,,,,India
"950370 - Other toys, put up in sets or outfits",,20.00,20.00,1,,,,India
"950380 - Other toys and models, incorporating a motor",,20.00,20.00,3,,,,India
950390 - Other,,20.00,20.00,1,,,,India
950410 - Video games of a kind used with a television receiver,,20.00,20.00,3,,,,India
950420 - Articles and accessories for billiards,,20.00,20.00,1,,,,India
"950430 - Other games, operated by coins, banknotes (paper currency), discs or other similar articles, other than bowling alley equipment",,20.00,20.00,1,,,,India
950440 - Playing cards,,20.00,20.00,1,,,,India
950490 - Other,"1,000",20.00,20.00,1,,,,India
950510 - Articles for Christmas festivities,"3,000",20.00,20.00,1,,,,India
950590 - Other,"4,000",20.00,20.00,1,,,,India
950611 -- Skis,,20.00,20.00,1,,,,India
950612 -- Ski-fastenings (ski-bindings),,20.00,20.00,1,,,,India
950619 -- Other,,20.00,20.00,1,,,,India
950621 -- Sailboards,,20.00,20.00,1,,,,India
950629 -- Other,,20.00,20.00,1,,,,India
"950631 -- Clubs, complete",,20.00,20.00,1,,,,India
950632 -- Balls,,20.00,20.00,1,,,,India
950639 -- Other,,20.00,20.00,1,,,,India
950640 - Articles and equipment for table-tennis,,20.00,20.00,1,,,,India
"950651 -- Lawn-tennis rackets, whether or not strung",,20.00,20.00,1,,,,India
950659 -- Other,,20.00,20.00,1,,,,India
950661 -- Lawn-tennis balls,,20.00,20.00,1,,,,India
950662 -- Inflatable,"15,000",20.00,20.00,1,,,,India
950669 -- Other,"18,000",20.00,20.00,1,,,,India
"950670 - Ice skates and roller skates, including skating boots with skates attached",,20.00,20.00,1,,,,India
"950691 -- Articles and equipment for general physical exercise, gymnastics or athletics","9,000",20.00,20.00,1,,,,India
950699 -- Other,,20.00,20.00,1,,,,India
950710 - Fishing rods,,20.00,20.00,1,,,,India
"950720 - Fish-hooks, whether or not snelled",,20.00,20.00,1,,,,India
950730 - Fishing reels,,20.00,20.00,1,,,,India
950790 - Other,,20.00,20.00,1,,,,India
950810 - Travelling circuses and travelling menageries,,20.00,20.00,1,,,,India
950890 - Other,,20.00,20.00,1,,,,India
,2003,"97,000",20.92,20.92,49,,,,India
"950100 Wheeled toys designed to be ridden by children (for example, tricycles, scooters, pedal cars); dolls' carriages.",,20.00,20.00,1,,,,India
"950210 - Dolls, whether or not dressed",,20.00,20.00,2,,,,India
"950291 -- Garments and accessories therefor, footwear and headgear",,20.00,20.00,1,,,,India
950299 -- Other,,20.00,20.00,1,,,,India
"950310 - Electric trains, including tracks, signals and other accessories therefor",,20.00,20.00,1,,,,India
"950320 - Reduced-size (""scale'') model assembly kits, whether or not working models, excluding those of subheading 9503.10",,20.00,20.00,1,,,,India
950330 - Other construction sets and constructional toys,,20.00,20.00,1,,,,India
950341 -- Stuffed,,20.00,20.00,1,,,,India
950349 -- Other,,20.00,20.00,1,,,,India
950350 - Toy musical instruments and apparatus,,20.00,20.00,1,,,,India
950360 - Puzzles,,20.00,20.00,1,,,,India
"950370 - Other toys, put up in sets or outfits",,20.00,20.00,1,,,,India
"950380 - Other toys and models, incorporating a motor",,20.00,20.00,3,,,,India
950390 - Other,,21.50,21.50,1,,,,India
950410 - Video games of a kind used with a television receiver,,20.00,20.00,3,,,,India
950420 - Articles and accessories for billiards,,21.50,21.50,1,,,,India
"950430 - Other games, operated by coins, banknotes (paper currency), discs or other similar articles, other than bowling alley equipment",,21.50,21.50,1,,,,India
950440 - Playing cards,,21.50,21.50,1,,,,India
950490 - Other,,21.50,21.50,1,,,,India
950510 - Articles for Christmas festivities,"4,000",21.50,21.50,1,,,,India
950590 - Other,"13,000",21.50,21.50,1,,,,India
950611 -- Skis,,21.50,21.50,1,,,,India
950612 -- Ski-fastenings (ski-bindings),,21.50,21.50,1,,,,India
950619 -- Other,,21.50,21.50,1,,,,India
950621 -- Sailboards,,21.50,21.50,1,,,,India
950629 -- Other,,21.50,21.50,1,,,,India
"950631 -- Clubs, complete",,21.50,21.50,1,,,,India
950632 -- Balls,,21.50,21.50,1,,,,India
950639 -- Other,,21.50,21.50,1,,,,India
950640 - Articles and equipment for table-tennis,,21.50,21.50,1,,,,India
"950651 -- Lawn-tennis rackets, whether or not strung",,21.50,21.50,1,,,,India
950659 -- Other,,21.50,21.50,1,,,,India
950661 -- Lawn-tennis balls,,21.50,21.50,1,,,,India
950662 -- Inflatable,,21.50,21.50,1,,,,India
950669 -- Other,"18,000",21.50,21.50,1,,,,India
"950670 - Ice skates and roller skates, including skating boots with skates attached",,21.50,21.50,1,,,,India
"950691 -- Articles and equipment for general physical exercise, gymnastics or athletics","62,000",21.50,21.50,1,,,,India
950699 -- Other,,21.50,21.50,1,,,,India
950710 - Fishing rods,,21.50,21.50,1,,,,India
"950720 - Fish-hooks, whether or not snelled",,21.50,21.50,1,,,,India
950730 - Fishing reels,,21.50,21.50,1,,,,India
950790 - Other,,21.50,21.50,1,,,,India
950810 - Travelling circuses and travelling menageries,,21.50,21.50,1,,,,India
950890 - Other,,21.50,21.50,1,,,,India
,2002,"72,387",20.92,20.92,49,,,,India
"950100 Wheeled toys designed to be ridden by children (for example, tricycles, scooters, pedal cars); dolls' carriages.",,20.00,20.00,1,,,,India
"950210 - Dolls, whether or not dressed",,20.00,20.00,2,,,,India
"950291 -- Garments and accessories therefor, footwear and headgear",,20.00,20.00,1,,,,India
950299 -- Other,,20.00,20.00,1,,,,India
"950310 - Electric trains, including tracks, signals and other accessories therefor",,20.00,20.00,1,,,,India
"950320 - Reduced-size (""scale'') model assembly kits, whether or not working models, excluding those of subheading 9503.10",,20.00,20.00,1,,,,India
950330 - Other construction sets and constructional toys,,20.00,20.00,1,,,,India
950341 -- Stuffed,,20.00,20.00,1,,,,India
950349 -- Other,,20.00,20.00,1,,,,India
950350 - Toy musical instruments and apparatus,,20.00,20.00,1,,,,India
950360 - Puzzles,,20.00,20.00,1,,,,India
"950370 - Other toys, put up in sets or outfits",,20.00,20.00,1,,,,India
"950380 - Other toys and models, incorporating a motor",,20.00,20.00,3,,,,India
950390 - Other,,21.50,21.50,1,,,,India
950410 - Video games of a kind used with a television receiver,,20.00,20.00,3,,,,India
950420 - Articles and accessories for billiards,,21.50,21.50,1,,,,India
"950430 - Other games, operated by coins, banknotes (paper currency), discs or other similar articles, other than bowling alley equipment",,21.50,21.50,1,,,,India
950440 - Playing cards,,21.50,21.50,1,,,,India
950490 - Other,,21.50,21.50,1,,,,India
950510 - Articles for Christmas festivities,"2,383",21.50,21.50,1,,,,India
950590 - Other,"8,536",21.50,21.50,1,,,,India
950611 -- Skis,,21.50,21.50,1,,,,India
950612 -- Ski-fastenings (ski-bindings),,21.50,21.50,1,,,,India
950619 -- Other,,21.50,21.50,1,,,,India
950621 -- Sailboards,,21.50,21.50,1,,,,India
950629 -- Other,,21.50,21.50,1,,,,India
"950631 -- Clubs, complete",,21.50,21.50,1,,,,India
950632 -- Balls,,21.50,21.50,1,,,,India
950639 -- Other,,21.50,21.50,1,,,,India
950640 - Articles and equipment for table-tennis,,21.50,21.50,1,,,,India
"950651 -- Lawn-tennis rackets, whether or not strung",,21.50,21.50,1,,,,India
950659 -- Other,,21.50,21.50,1,,,,India
950661 -- Lawn-tennis balls,,21.50,21.50,1,,,,India
950662 -- Inflatable,"59,956",21.50,21.50,1,,,,India
950669 -- Other,543,21.50,21.50,1,,,,India
"950670 - Ice skates and roller skates, including skating boots with skates attached",,21.50,21.50,1,,,,India
"950691 -- Articles and equipment for general physical exercise, gymnastics or athletics",,21.50,21.50,1,,,,India
950699 -- Other,800,21.50,21.50,1,,,,India
950710 - Fishing rods,,21.50,21.50,1,,,,India
"950720 - Fish-hooks, whether or not snelled",,21.50,21.50,1,,,,India
950730 - Fishing reels,,21.50,21.50,1,,,,India
950790 - Other,169,21.50,21.50,1,,,,India
950810 - Travelling circuses and travelling menageries,,21.50,21.50,1,,,,India
950890 - Other,,21.50,21.50,1,,,,India
,2001,"76,342",22.50,22.50,48,,,,India
"950100 Wheeled toys designed to be ridden by children (for example, tricycles, scooters, pedal cars); dolls' carriages",,22.50,22.50,1,,,,India
"950210 - Dolls, whether or not dressed",,22.50,22.50,2,,,,India
"950291 - - Garments and accessories therefor, footwear and headgear",,22.50,22.50,1,,,,India
950299 - - Other,,22.50,22.50,1,,,,India
"950310 - Electric trains, including tracks, signals and other accessories therefor",,22.50,22.50,1,,,,India
"950320 - Reduced-size (""scale"") model assembly kits, whether or not working models, excluding those of subheading No. 9503.10",,22.50,22.50,1,,,,India
950330 - Other construction sets and constructional toys,,22.50,22.50,1,,,,India
950341 - - Stuffed,,22.50,22.50,1,,,,India
950349 - - Other,,22.50,22.50,1,,,,India
950350 - Toy musical instruments and apparatus,,22.50,22.50,1,,,,India
950360 - Puzzles,,22.50,22.50,1,,,,India
"950370 - Other toys, put up in sets or outfits",,22.50,22.50,1,,,,India
"950380 - Other toys and models, incorporating a motor",,22.50,22.50,2,,,,India
950390 - Other,"21,937",22.50,22.50,2,,,,India
950410 - Video games of a kind used with a television receiver,,22.50,22.50,3,,,,India
950420 - Articles and accessories for billiards,,22.50,22.50,1,,,,India
"950430 - Other games, coin- or disc-operated, other than bowling alley equipment",,22.50,22.50,1,,,,India
950440 - Playing cards,,22.50,22.50,1,,,,India
950490 - Other,,22.50,22.50,1,,,,India
950510 - Articles for Christmas festivities,"4,774",22.50,22.50,1,,,,India
950590 - Other,"18,511",22.50,22.50,1,,,,India
950611 - - Skis,,22.50,22.50,1,,,,India
950612 - - Ski-fastenings (ski-bindings),,22.50,22.50,1,,,,India
950619 - - Other,,22.50,22.50,1,,,,India
950621 - - Sailboards,,22.50,22.50,1,,,,India
950629 - - Other,,22.50,22.50,1,,,,India
"950631 - - Clubs, complete",,22.50,22.50,1,,,,India
950632 - - Balls,,22.50,22.50,1,,,,India
950639 - - Other,,22.50,22.50,1,,,,India
950640 - Articles and equipment for table-tennis,,22.50,22.50,1,,,,India
"950651 - - Lawn-tennis rackets, whether or not strung",,22.50,22.50,1,,,,India
950659 - - Other,,22.50,22.50,1,,,,India
950661 - - Lawn-tennis balls,,22.50,22.50,1,,,,India
950662 - - Inflatable,"31,120",22.50,22.50,1,,,,India
950669 - - Other,,22.50,22.50,1,,,,India
"950670 - Ice skates and roller skates, including skating boots with skates attached",,22.50,22.50,1,,,,India
"950691 - - Articles and equipment for general physical exercise, gymnastics or athletics",,22.50,22.50,1,,,,India
950699 - - Other,,22.50,22.50,1,,,,India
950710 - Fishing rods,,22.50,22.50,1,,,,India
"950720 - Fish-hooks, whether or not snelled",,22.50,22.50,1,,,,India
950730 - Fishing reels,,22.50,22.50,1,,,,India
950790 - Other,,22.50,22.50,1,,,,India
"950800 Roundabouts, swings, shooting galleries and other fairground amusements; travelling circuses, travelling menageries and travelling theatres",,22.50,22.50,1,,,,India
,2000,"45,112",23.00,23.00,48,,,,India
"950100 Wheeled toys designed to be ridden by children (for example, tricycles, scooters, pedal cars); dolls' carriages",,23.00,23.00,1,,,,India
"950210 - Dolls, whether or not dressed",,23.00,23.00,2,,,,India
"950291 - - Garments and accessories therefor, footwear and headgear",,23.00,23.00,1,,,,India
950299 - - Other,,23.00,23.00,1,,,,India
"950310 - Electric trains, including tracks, signals and other accessories therefor",,23.00,23.00,1,,,,India
"950320 - Reduced-size (""scale"") model assembly kits, whether or not working models, excluding those of subheading No. 9503.10",,23.00,23.00,1,,,,India
950330 - Other construction sets and constructional toys,,23.00,23.00,1,,,,India
950341 - - Stuffed,"12,025",23.00,23.00,1,,,,India
950349 - - Other,,23.00,23.00,1,,,,India
950350 - Toy musical instruments and apparatus,,23.00,23.00,1,,,,India
950360 - Puzzles,,23.00,23.00,1,,,,India
"950370 - Other toys, put up in sets or outfits",,23.00,23.00,1,,,,India
"950380 - Other toys and models, incorporating a motor",,23.00,23.00,2,,,,India
950390 - Other,,23.00,23.00,2,,,,India
950410 - Video games of a kind used with a television receiver,"2,646",23.00,23.00,3,,,,India
950420 - Articles and accessories for billiards,,23.00,23.00,1,,,,India
"950430 - Other games, coin- or disc-operated, other than bowling alley equipment",,23.00,23.00,1,,,,India
950440 - Playing cards,,23.00,23.00,1,,,,India
950490 - Other,,23.00,23.00,1,,,,India
950510 - Articles for Christmas festivities,"1,014",23.00,23.00,1,,,,India
950590 - Other,"6,626",23.00,23.00,1,,,,India
950611 - - Skis,,23.00,23.00,1,,,,India
950612 - - Ski-fastenings (ski-bindings),,23.00,23.00,1,,,,India
950619 - - Other,,23.00,23.00,1,,,,India
950621 - - Sailboards,,23.00,23.00,1,,,,India
950629 - - Other,,23.00,23.00,1,,,,India
"950631 - - Clubs, complete",,23.00,23.00,1,,,,India
950632 - - Balls,,23.00,23.00,1,,,,India
950639 - - Other,,23.00,23.00,1,,,,India
950640 - Articles and equipment for table-tennis,,23.00,23.00,1,,,,India
"950651 - - Lawn-tennis rackets, whether or not strung",,23.00,23.00,1,,,,India
950659 - - Other,,23.00,23.00,1,,,,India
950661 - - Lawn-tennis balls,,23.00,23.00,1,,,,India
950662 - - Inflatable,,23.00,23.00,1,,,,India
950669 - - Other,"17,449",23.00,23.00,1,,,,India
"950670 - Ice skates and roller skates, including skating boots with skates attached",,23.00,23.00,1,,,,India
"950691 - - Articles and equipment for general physical exercise, gymnastics or athletics",,23.00,23.00,1,,,,India
950699 - - Other,"5,352",23.00,23.00,1,,,,India
950710 - Fishing rods,,23.00,23.00,1,,,,India
"950720 - Fish-hooks, whether or not snelled",,23.00,23.00,1,,,,India
950730 - Fishing reels,,23.00,23.00,1,,,,India
950790 - Other,,23.00,23.00,1,,,,India
"950800 Roundabouts, swings, shooting galleries and other fairground amusements; travelling circuses, travelling menageries and travelling theatres",,23.00,23.00,1,,,,India
,1999,"33,968",23.00,23.00,48,,,,India
"950100 Wheeled toys designed to be ridden by children (for example, tricycles, scooters, pedal cars); dolls' carriages",,23.00,23.00,1,,,,India
"950210 - Dolls, whether or not dressed",186,23.00,23.00,2,,,,India
"950291 - - Garments and accessories therefor, footwear and headgear",,23.00,23.00,1,,,,India
950299 - - Other,,23.00,23.00,1,,,,India
"950310 - Electric trains, including tracks, signals and other accessories therefor",,23.00,23.00,1,,,,India
"950320 - Reduced-size (""scale"") model assembly kits, whether or not working models, excluding those of subheading No. 9503.10",,23.00,23.00,1,,,,India
950330 - Other construction sets and constructional toys,,23.00,23.00,1,,,,India
950341 - - Stuffed,,23.00,23.00,1,,,,India
950349 - - Other,,23.00,23.00,1,,,,India
950350 - Toy musical instruments and apparatus,,23.00,23.00,1,,,,India
950360 - Puzzles,,23.00,23.00,1,,,,India
"950370 - Other toys, put up in sets or outfits",,23.00,23.00,1,,,,India
"950380 - Other toys and models, incorporating a motor",,23.00,23.00,2,,,,India
950390 - Other,,23.00,23.00,2,,,,India
950410 - Video games of a kind used with a television receiver,,23.00,23.00,3,,,,India
950420 - Articles and accessories for billiards,,23.00,23.00,1,,,,India
"950430 - Other games, coin- or disc-operated, other than bowling alley equipment",,23.00,23.00,1,,,,India
950440 - Playing cards,,23.00,23.00,1,,,,India
950490 - Other,891,23.00,23.00,1,,,,India
950510 - Articles for Christmas festivities,"13,410",23.00,23.00,1,,,,India
950590 - Other,"1,467",23.00,23.00,1,,,,India
950611 - - Skis,,23.00,23.00,1,,,,India
950612 - - Ski-fastenings (ski-bindings),,23.00,23.00,1,,,,India
950619 - - Other,"17,832",23.00,23.00,1,,,,India
950621 - - Sailboards,,23.00,23.00,1,,,,India
950629 - - Other,,23.00,23.00,1,,,,India
"950631 - - Clubs, complete",,23.00,23.00,1,,,,India
950632 - - Balls,,23.00,23.00,1,,,,India
950639 - - Other,,23.00,23.00,1,,,,India
950640 - Articles and equipment for table-tennis,,23.00,23.00,1,,,,India
"950651 - - Lawn-tennis rackets, whether or not strung",,23.00,23.00,1,,,,India
950659 - - Other,,23.00,23.00,1,,,,India
950661 - - Lawn-tennis balls,,23.00,23.00,1,,,,India
950662 - - Inflatable,,23.00,23.00,1,,,,India
950669 - - Other,,23.00,23.00,1,,,,India
"950670 - Ice skates and roller skates, including skating boots with skates attached",,23.00,23.00,1,,,,India
"950691 - - Articles and equipment for general physical exercise, gymnastics or athletics",,23.00,23.00,1,,,,India
950699 - - Other,11,23.00,23.00,1,,,,India
950710 - Fishing rods,,23.00,23.00,1,,,,India
"950720 - Fish-hooks, whether or not snelled",,23.00,23.00,1,,,,India
950730 - Fishing reels,,23.00,23.00,1,,,,India
950790 - Other,,23.00,23.00,1,,,,India
"950800 Roundabouts, swings, shooting galleries and other fairground amusements; travelling circuses, travelling menageries and travelling theatres",171,23.00,23.00,1,,,,India
,1998,"283,714",23.00,23.00,48,,,,India
"950100 Wheeled toys designed to be ridden by children (for example, tricycles, scooters, pedal cars); dolls' carriages",,23.00,23.00,1,,,,India
"950210 - Dolls, whether or not dressed",,23.00,23.00,2,,,,India
"950291 - - Garments and accessories therefor, footwear and headgear",,23.00,23.00,1,,,,India
950299 - - Other,,23.00,23.00,1,,,,India
"950310 - Electric trains, including tracks, signals and other accessories therefor",,23.00,23.00,1,,,,India
"950320 - Reduced-size (""scale"") model assembly kits, whether or not working models, excluding those of subheading No. 9503.10",,23.00,23.00,1,,,,India
950330 - Other construction sets and constructional toys,,23.00,23.00,1,,,,India
950341 - - Stuffed,"49,248",23.00,23.00,1,,,,India
950349 - - Other,,23.00,23.00,1,,,,India
950350 - Toy musical instruments and apparatus,,23.00,23.00,1,,,,India
950360 - Puzzles,,23.00,23.00,1,,,,India
"950370 - Other toys, put up in sets or outfits",,23.00,23.00,1,,,,India
"950380 - Other toys and models, incorporating a motor",,23.00,23.00,2,,,,India
950390 - Other,"4,560",23.00,23.00,2,,,,India
950410 - Video games of a kind used with a television receiver,,23.00,23.00,3,,,,India
950420 - Articles and accessories for billiards,,23.00,23.00,1,,,,India
"950430 - Other games, coin- or disc-operated, other than bowling alley equipment",,23.00,23.00,1,,,,India
950440 - Playing cards,,23.00,23.00,1,,,,India
950490 - Other,"1,107",23.00,23.00,1,,,,India
950510 - Articles for Christmas festivities,"15,055",23.00,23.00,1,,,,India
950590 - Other,"2,885",23.00,23.00,1,,,,India
950611 - - Skis,,23.00,23.00,1,,,,India
950612 - - Ski-fastenings (ski-bindings),,23.00,23.00,1,,,,India
950619 - - Other,,23.00,23.00,1,,,,India
950621 - - Sailboards,,23.00,23.00,1,,,,India
950629 - - Other,,23.00,23.00,1,,,,India
"950631 - - Clubs, complete",,23.00,23.00,1,,,,India
950632 - - Balls,,23.00,23.00,1,,,,India
950639 - - Other,,23.00,23.00,1,,,,India
950640 - Articles and equipment for table-tennis,,23.00,23.00,1,,,,India
"950651 - - Lawn-tennis rackets, whether or not strung",,23.00,23.00,1,,,,India
950659 - - Other,,23.00,23.00,1,,,,India
950661 - - Lawn-tennis balls,,23.00,23.00,1,,,,India
950662 - - Inflatable,"176,040",23.00,23.00,1,,,,India
950669 - - Other,"34,819",23.00,23.00,1,,,,India
"950670 - Ice skates and roller skates, including skating boots with skates attached",,23.00,23.00,1,,,,India
"950691 - - Articles and equipment for general physical exercise, gymnastics or athletics",,23.00,23.00,1,,,,India
950699 - - Other,,23.00,23.00,1,,,,India
950710 - Fishing rods,,23.00,23.00,1,,,,India
"950720 - Fish-hooks, whether or not snelled",,23.00,23.00,1,,,,India
950730 - Fishing reels,,23.00,23.00,1,,,,India
950790 - Other,,23.00,23.00,1,,,,India
"950800 Roundabouts, swings, shooting galleries and other fairground amusements; travelling circuses, travelling menageries and travelling theatres",,23.00,23.00,1,,,,India
,1997,"457,779",23.00,23.00,48,,,,India
"950100 Wheeled toys designed to be ridden by children (for example, tricycles, scooters, pedal cars); dolls' carriages",,23.00,23.00,1,,,,India
"950210 - Dolls, whether or not dressed",,23.00,23.00,2,,,,India
"950291 - - Garments and accessories therefor, footwear and headgear",,23.00,23.00,1,,,,India
950299 - - Other,,23.00,23.00,1,,,,India
"950310 - Electric trains, including tracks, signals and other accessories therefor",,23.00,23.00,1,,,,India
"950320 - Reduced-size (""scale"") model assembly kits, whether or not working models, excluding those of subheading No. 9503.10",972,23.00,23.00,1,,,,India
950330 - Other construction sets and constructional toys,,23.00,23.00,1,,,,India
950341 - - Stuffed,,23.00,23.00,1,,,,India
950349 - - Other,,23.00,23.00,1,,,,India
950350 - Toy musical instruments and apparatus,72,23.00,23.00,1,,,,India
950360 - Puzzles,,23.00,23.00,1,,,,India
"950370 - Other toys, put up in sets or outfits",,23.00,23.00,1,,,,India
"950380 - Other toys and models, incorporating a motor",,23.00,23.00,2,,,,India
950390 - Other,,23.00,23.00,2,,,,India
950410 - Video games of a kind used with a television receiver,,23.00,23.00,3,,,,India
950420 - Articles and accessories for billiards,,23.00,23.00,1,,,,India
"950430 - Other games, coin- or disc-operated, other than bowling alley equipment",,23.00,23.00,1,,,,India
950440 - Playing cards,,23.00,23.00,1,,,,India
950490 - Other,"3,672",23.00,23.00,1,,,,India
950510 - Articles for Christmas festivities,"15,352",23.00,23.00,1,,,,India
950590 - Other,"1,798",23.00,23.00,1,,,,India
950611 - - Skis,,23.00,23.00,1,,,,India
950612 - - Ski-fastenings (ski-bindings),,23.00,23.00,1,,,,India
950619 - - Other,,23.00,23.00,1,,,,India
950621 - - Sailboards,,23.00,23.00,1,,,,India
950629 - - Other,169,23.00,23.00,1,,,,India
"950631 - - Clubs, complete",,23.00,23.00,1,,,,India
950632 - - Balls,,23.00,23.00,1,,,,India
950639 - - Other,838,23.00,23.00,1,,,,India
950640 - Articles and equipment for table-tennis,,23.00,23.00,1,,,,India
"950651 - - Lawn-tennis rackets, whether or not strung","4,264",23.00,23.00,1,,,,India
950659 - - Other,"4,649",23.00,23.00,1,,,,India
950661 - - Lawn-tennis balls,"2,306",23.00,23.00,1,,,,India
950662 - - Inflatable,"403,070",23.00,23.00,1,,,,India
950669 - - Other,"20,617",23.00,23.00,1,,,,India
"950670 - Ice skates and roller skates, including skating boots with skates attached",,23.00,23.00,1,,,,India
"950691 - - Articles and equipment for general physical exercise, gymnastics or athletics",,23.00,23.00,1,,,,India
950699 - - Other,,23.00,23.00,1,,,,India
950710 - Fishing rods,,23.00,23.00,1,,,,India
"950720 - Fish-hooks, whether or not snelled",,23.00,23.00,1,,,,India
950730 - Fishing reels,,23.00,23.00,1,,,,India
950790 - Other,,23.00,23.00,1,,,,India
"950800 Roundabouts, swings, shooting galleries and other fairground amusements; travelling circuses, travelling menageries and travelling theatres",,23.00,23.00,1,,,,India
,1996,"752,915",40.83,40.83,48,,,,India
"950100 Wheeled toys designed to be ridden by children (for example, tricycles, scooters, pedal cars); dolls' carriages",,70.00,70.00,1,,,,India
"950210 - Dolls, whether or not dressed",,70.00,70.00,2,,,,India
"950291 - - Garments and accessories therefor, footwear and headgear",,70.00,70.00,1,,,,India
950299 - - Other,,70.00,70.00,1,,,,India
"950310 - Electric trains, including tracks, signals and other accessories therefor",,70.00,70.00,1,,,,India
"950320 - Reduced-size (""scale"") model assembly kits, whether or not working models, excluding those of subheading No. 9503.10",,70.00,70.00,1,,,,India
950330 - Other construction sets and constructional toys,,70.00,70.00,1,,,,India
950341 - - Stuffed,"86,380",70.00,70.00,1,,,,India
950349 - - Other,84,70.00,70.00,1,,,,India
950350 - Toy musical instruments and apparatus,,70.00,70.00,1,,,,India
950360 - Puzzles,,70.00,70.00,1,,,,India
"950370 - Other toys, put up in sets or outfits",,70.00,70.00,1,,,,India
"950380 - Other toys and models, incorporating a motor",,70.00,70.00,2,,,,India
950390 - Other,,70.00,70.00,2,,,,India
950410 - Video games of a kind used with a television receiver,,70.00,70.00,3,,,,India
950420 - Articles and accessories for billiards,,20.00,20.00,1,,,,India
"950430 - Other games, coin- or disc-operated, other than bowling alley equipment",,20.00,20.00,1,,,,India
950440 - Playing cards,,20.00,20.00,1,,,,India
950490 - Other,34,20.00,20.00,1,,,,India
950510 - Articles for Christmas festivities,165,20.00,20.00,1,,,,India
950590 - Other,,20.00,20.00,1,,,,India
950611 - - Skis,,20.00,20.00,1,,,,India
950612 - - Ski-fastenings (ski-bindings),,20.00,20.00,1,,,,India
950619 - - Other,,20.00,20.00,1,,,,India
950621 - - Sailboards,,20.00,20.00,1,,,,India
950629 - - Other,,20.00,20.00,1,,,,India
"950631 - - Clubs, complete",,20.00,20.00,1,,,,India
950632 - - Balls,,20.00,20.00,1,,,,India
950639 - - Other,,20.00,20.00,1,,,,India
950640 - Articles and equipment for table-tennis,,20.00,20.00,1,,,,India
"950651 - - Lawn-tennis rackets, whether or not strung",,20.00,20.00,1,,,,India
950659 - - Other,,20.00,20.00,1,,,,India
950661 - - Lawn-tennis balls,,20.00,20.00,1,,,,India
950662 - - Inflatable,"489,229",20.00,20.00,1,,,,India
950669 - - Other,"159,923",20.00,20.00,1,,,,India
"950670 - Ice skates and roller skates, including skating boots with skates attached","16,700",20.00,20.00,1,,,,India
"950691 - - Articles and equipment for general physical exercise, gymnastics or athletics",401,20.00,20.00,1,,,,India
950699 - - Other,,20.00,20.00,1,,,,India
950710 - Fishing rods,,20.00,20.00,1,,,,India
"950720 - Fish-hooks, whether or not snelled",,20.00,20.00,1,,,,India
950730 - Fishing reels,,20.00,20.00,1,,,,India
950790 - Other,,20.00,20.00,1,,,,India
"950800 Roundabouts, swings, shooting galleries and other fairground amusements; travelling circuses, travelling menageries and travelling theatres",,20.00,20.00,1,,,,India
